SWC,DAY,DOY,TA,SW,TS,LE,GPP,RECO,P0
6.5,1,1,-18.43,178.166,-9.097,4.11875,0.312187,0.0858994,0
6.4,2,2,-19.676,178.788,-9.707,5.55856,0.399299,0.0877758,0
6.4,3,3,-20.211,179.469,-9.63,4.78131,0.365166,0.0945372,0
6.4,4,4,-19.988,180.208,-9.226,4.89112,0.388545,0.090329,0
6.4,5,5,-19.51,181.004,-9.158,4.4163,0.397376,0.0894469,0
6.4,6,6,-20.628,181.857,-9.428,4.8535,0.420799,0.091506,0
6.3,7,7,-21.335,182.767,-9.677,4.57879,0.529214,0.0987689,0
6.3,8,8,-18.197,183.733,-9.327,4.51731,0.502459,0.0919377,0
6.4,9,9,-18.501,184.755,-8.76,4.22114,0.546006,0.0919383,0
6.3,10,10,-22.21,185.832,-9.482,5.10281,0.522587,0.073636,0
6.3,11,11,-21.752,186.965,-10.282,3.74323,0.509678,0.0659999,0
6.2,12,12,-22.06,188.152,-10.636,5.18132,0.584953,0.081955,0
6.2,13,13,-22.085,189.392,-10.614,4.07549,0.496894,0.0888947,0
6.2,14,14,-20.139,190.687,-9.969,4.33336,0.511291,0.0853215,0
6.2,15,15,-17.557,192.034,-9.54,4.48771,0.483209,0.114532,0
6.3,16,16,-14.423,193.434,-8.765,2.73411,0.346872,0.136714,0
6.3,17,17,-14.236,194.886,-8.389,4.18494,0.239931,0.114806,0
6.4,18,18,-13.74,196.388,-7.415,5.11127,0.314717,0.083506,0
6.5,19,19,-13.996,197.94,-7.48,3.84594,0.293828,0.103647,0
6.5,20,20,-16.377,199.542,-7.545,5.27999,0.433693,0.152402,0
6.5,21,21,-12.426,201.194,-6.91,6.17616,0.448125,0.153576,0
6.5,22,22,-17.276,202.893,-7.789,4.66424,0.405196,0.139984,0
6.4,23,23,-18.395,204.639,-8.309,4.18867,0.381986,0.129537,0
6.4,24,24,-17.32,206.432,-7.849,3.60178,0.414771,0.131353,0
6.4,25,25,-16.247,208.271,-8.111,4.1201,0.274553,0.116399,0
6.3,26,26,-18.951,210.155,-8.915,14.5297,0.293785,0.0969988,0
6.2,27,27,-23.5,212.082,-10.455,6.45584,0.279217,0.092521,0
6.2,28,28,-23.45,214.053,-10.187,5.94141,0.205049,0.116988,0
6.2,29,29,-17.28,216.066,-9.595,4.20895,0.237874,0.150599,0
6.3,31,31,-18.731,220.213,-8.767,5.77324,0.253736,0.165771,0
6.3,32,32,-19.636,222.346,-8.666,4.59534,0.0685814,0.153535,0
6.3,33,33,-15.463,224.518,-8.122,4.70457,0.194529,0.182991,0
6.5,34,34,-15.901,226.726,-7.103,6.22282,0.150897,0.171185,0
6.5,35,35,-16.533,228.971,-7.324,4.25934,0.114421,0.175132,0
6.5,37,37,-16.106,233.565,-7.363,6.27735,0.06575,0.204474,0
6.6,38,38,-13.014,235.911,-6.58,4.64959,0.083356,0.243652,0
6.6,39,39,-12.959,238.29,-6.196,4.37119,0.282804,0.231061,0
6.6,41,41,-17.57,243.138,-7.166,11.1653,0.108591,0.184355,0
6.4,42,42,-19.516,245.605,-8.525,9.43149,0.161714,0.172655,0
6.4,43,43,-20.341,248.099,-8.343,9.91767,0.345302,0.187295,0
6.5,44,44,-17.761,250.62,-7.179,8.33126,0.334134,0.221274,0
6.6,45,45,-16.145,253.166,-6.461,6.64353,0.313284,0.223046,0
6.7,46,46,-12.687,255.736,-5.597,8.15839,0.436082,0.245253,0
6.7,47,47,-15.108,258.328,-6,5.66209,0.486913,0.240858,0
6.7,48,48,-15.504,260.943,-6.176,6.96359,0.530097,0.281299,0
6.8,49,49,-11.508,263.577,-4.972,7.42979,0.725592,0.320002,0
7,50,50,-8.127,266.23,-3.972,6.44589,0.696734,0.288959,0
7.3,51,51,-3.862,268.902,-2.696,3.51614,0.614826,0.365855,0
7.4,53,53,-13.142,274.295,-3.902,5.87322,0.507808,0.193388,0
7.1,54,54,-17.821,277.014,-5.253,9.08099,0.561176,0.201183,0
7.1,55,55,-11.666,279.746,-4.423,8.29848,0.413965,0.293784,0
7.6,57,57,-10.444,285.246,-3.541,14.6082,0.379623,0.362535,0
7.3,59,59,-14.078,290.787,-3.913,25.5285,0.439373,0.473331,0
7.3,60,60,-9.319,293.569,-3.82,21.4576,0.503879,0.658005,0
7.5,61,61,-9.435,296.358,-4.23,25.1271,0.592451,0.540005,0
7.6,62,62,-8.971,299.152,-4.372,32.0265,0.369895,0.506889,0
7.7,63,63,-9.09,301.952,-4.223,27.2217,0.256626,0.422309,0
7.9,64,64,-13.549,304.754,-4.043,13.4692,0.0852677,0.22844,0
7.6,65,65,-17.739,307.559,-4.285,35.0354,0.310917,0.244355,0
7.4,69,69,-10.621,318.781,-3.6,24.9382,0.420576,0.782502,0
7.6,71,71,-12.78,324.379,-3.63,34.5821,0.502806,0.62819,0
7.7,72,72,-10.957,327.171,-2.486,19.8951,0.332551,0.43386,0
8,74,74,-9.374,332.739,-2.165,21.3245,0.357556,0.689388,0
8.2,75,75,-8.63,335.512,-1.634,14.0394,0.256293,0.721217,0
9.2,79,79,-11.903,346.51,-1.508,36.4913,0.292539,0.336499,0
9.2,82,82,-9.016,354.639,-2.433,36.7716,-0.096005,0.306366,0
9.2,83,83,-7.33,357.322,-2.173,30.6964,0.243271,0.39237,0
9.4,84,84,-5.174,359.988,-0.807,29.0808,0.375224,0.453415,0
9.6,85,85,-4.687,362.64,-0.413,30.7315,0.239769,0.423984,0
9.9,86,86,-4.813,365.275,-0.286,16.8044,0.157075,0.42478,0
10.2,87,87,-4.858,367.895,-0.289,35.3445,0.185417,0.561057,0
10.6,88,88,-2.594,370.495,0.177,35.4666,0.335896,0.712459,0
15.7,92,92,-3.895,380.708,1.138,34.9921,0.208524,0.759157,0
18.2,93,93,-6.053,383.211,0.85,29.3109,0.339517,0.851702,0
27.3,98,98,-2.432,395.393,0.802,38.3063,0.184739,0.831502,0
26.8,99,99,-3.623,397.759,0.373,29.1534,-0.0584756,0.708576,0
24.4,101,101,-5.285,402.417,-0.208,41.9198,-0.235223,0.700018,0
23.2,102,102,-7.412,404.709,-0.224,21.2494,-0.0100766,0.422277,0
21.5,104,104,-5.178,409.214,-0.301,53.0143,0.338476,0.837804,0
22.3,105,105,-0.44,411.427,1.075,53.8623,0.244845,1.26985,0
23.4,106,106,2.879,413.612,3.63,48.5098,-0.0514488,1.57814,0
23.8,107,107,-1.42,415.77,1.782,17.0003,0.517158,0.83441,0
23.3,109,109,-0.109,420.003,2.402,42.7919,0.439412,1.34073,0
23.2,110,110,-0.14,422.076,3.794,43.2228,0.569124,1.10398,0
23.2,111,111,0.735,424.121,4.185,37.0383,0.58531,1.11812,0
23.6,114,114,-5.008,430.079,1.644,68.0883,0.649377,0.745631,0
24.9,119,119,-4.677,439.405,2.784,70.4949,0.411305,0.784755,0
24.7,120,120,-3.846,441.178,4.101,83.621,0.3012,0.917831,0
24.4,121,121,-1.324,442.919,4.968,66.2222,0.589637,1.05896,0
24.1,122,122,0.735,444.628,5.562,61.5536,0.501525,1.28866,0
23.8,123,123,-1.34,446.306,5.892,64.7101,0.650286,1.23172,0
24.3,127,127,-3.361,452.692,2.815,33.9335,1.16322,0.927753,0
24.4,130,130,-3.789,457.139,4.173,72.4377,0.768118,1.14156,0
24.2,131,131,-2.044,458.555,4.753,69.6951,0.716711,1.28347,0
26.4,138,138,-4.008,467.524,4.083,72.0622,1.20124,0.979586,0
26,139,139,-3.039,468.671,4.493,70.135,1.46401,1.1881,0
25.9,143,143,-3.141,472.91,3.585,73.9656,1.21188,1.07294,0
25.7,145,145,1.35,474.822,5.038,34.49,1.18527,1.4441,0
24.9,148,148,1.489,477.432,8.355,99.812,1.81809,1.70603,0
24.2,151,151,3.592,479.728,8.573,107.361,1.52031,1.92983,0
24.1,152,152,4.657,480.424,10.083,89.899,1.65779,1.89606,0
23.5,153,153,1.277,481.084,9.599,107.335,1.89794,1.84417,0
23,154,154,0.849,481.71,9.843,85.7165,2.94897,1.7236,0
22.7,155,155,2.239,482.3,8.848,52.1575,2.67491,1.66853,0
25.6,159,159,3.639,484.312,8.226,85.1955,3.71325,2.41333,0
26.3,162,162,0.875,485.452,7.518,107.32,4.66155,1.7206,0
26,163,163,0.896,485.762,8.333,117.04,4.58204,1.80401,0
25.3,164,164,-1.707,486.036,9.623,122.173,4.26815,1.91534,0
24.6,165,165,0.847,486.276,10.542,116.098,4.29312,2.38241,0
23.8,169,169,3.141,486.883,10.841,110.403,4.26371,3.63153,0
23.4,170,170,1.669,486.947,11.188,102.849,4.50563,2.30021,0
23,171,171,2.605,486.977,11.002,103.72,4.6115,2.16955,0
23.4,173,173,3.431,486.93,10.033,129.856,5.63964,3.52527,0
26.5,181,181,2.858,485.351,10.462,130.439,6.24535,3.90131,0
24.1,208,208,7.735,463.97,14.036,132.778,7.78175,6.95153,0
24,209,209,7.787,462.72,15.453,130.933,8.02281,6.74834,0
27.6,216,216,5.955,453.087,13.333,92.4868,7.79127,7.71464,0
26.2,230,230,2.819,429.422,11.672,122.158,7.48251,4.10161,0
25.3,231,231,2.503,427.518,12.291,104.216,8.10188,5.02284,0
29.5,245,245,1.567,398.168,10.971,86.9643,5.18083,4.71419,0
28,249,249,0.909,388.932,8.724,62.4824,5.29604,2.41083,0
24.3,256,256,1.048,371.991,9.97,79.4711,4.18888,4.62311,0
23.7,257,257,2.502,369.498,10.546,83.5728,4.06843,4.63412,0
23.2,258,258,4.429,366.987,10.897,85.8932,3.66527,4.63888,0
28.1,266,266,-2.732,346.374,6.77,60.7621,3.04277,3.27638,0
27.4,267,267,0.168,343.741,7.026,56.6027,3.46865,3.32954,0
28.5,278,278,-1.779,314.243,6.316,41.62,1.83821,1.98293,0
28.1,279,279,-4.837,311.533,4.488,47.7602,1.59563,1.92968,0
27.6,280,280,-3.374,308.823,4.261,49.1652,1.67894,2.09845,0
27.2,281,281,-2.396,306.113,4.238,33.615,1.65098,1.94682,0
26.8,282,282,1.672,303.404,5.487,33.547,1.58463,1.68717,0
26.9,287,287,-0.161,289.905,5.32,35.8271,1.22056,2.43186,0
26.8,288,288,-3.237,287.221,4.828,38.3337,1.04905,2.06081,0
26.5,289,289,-3.389,284.544,4.115,30.1159,1.05882,1.74786,0
26.3,290,290,-0.447,281.876,5.079,26.4644,1.05094,1.57128,0
26,291,291,-1.089,279.218,5.556,31.1583,0.898924,1.45564,0
25.6,293,293,-7.918,273.936,1.566,29.0009,0.851852,1.4057,0
25.4,294,294,-8.373,271.314,1.266,22.4644,1.01799,1.41886,0
25.2,295,295,-8.284,268.705,1.071,15.5309,1.04473,1.39297,0
25.1,296,296,-5.428,266.111,1.244,22.6748,0.902199,1.39495,0
25,297,297,-5.257,263.532,1.757,13.9851,0.790271,1.2784,0
24.9,299,299,-6.559,258.43,0.973,25.5602,0.766868,1.0381,0
24.7,300,300,-7.934,255.906,0.764,16.3594,0.828799,0.893585,0
24.6,301,301,-5.378,253.403,0.435,9.14273,0.46533,0.829861,0
24.6,302,302,-2.723,250.922,0.662,26.5883,0.585668,0.899123,0
24.5,303,303,-8.283,248.462,0.323,19.1974,0.698197,0.829111,0
24.3,304,304,-8.979,246.027,0.146,16.6896,0.7817,0.855208,0
24.1,305,305,-6.174,243.616,0.075,19.1759,0.602432,0.93065,0
24,306,306,-7.709,241.23,0.005,15.6532,0.627358,0.868591,0
23.9,307,307,-8.648,238.872,-0.08,9.31774,0.436941,0.827116,0
23.8,308,308,-4.769,236.542,-0.149,13.1605,0.571495,0.877048,0
23.7,309,309,-5.297,234.241,-0.147,13.6796,0.472382,0.835771,0
23.7,310,310,-3.703,231.969,-0.105,5.46896,0.202189,0.748427,0
23.9,314,314,-10.605,223.205,-0.348,15.203,0.489353,0.487074,0
23,317,317,-12.617,216.998,-0.559,17.4411,0.547358,0.478671,0
22.5,318,318,-9.017,215.004,-0.777,15.9371,0.500256,0.507837,0
22.3,319,319,-7.548,213.049,-0.821,11.444,0.488205,0.521682,0
22.3,320,320,-5.974,211.135,-0.441,12.6726,0.302513,0.578222,0
22.4,321,321,-7.81,209.261,-0.795,12.8037,0.476285,0.818723,0
22.4,322,322,-8.081,207.43,-0.844,9.75401,0.48798,1.2956,0
22.4,324,324,-10.016,203.896,-0.745,21.9225,0.479426,1.35351,0
22,325,325,-15.304,202.196,-1.687,12.0604,0.487331,1.12679,0
21.1,326,326,-14.281,200.54,-2.143,10.8676,0.430798,1.20529,0
20.4,327,327,-12.036,198.931,-2.175,13.7988,0.474667,1.39859,0
19.7,328,328,-13.114,197.37,-2.826,11.0769,0.429543,1.45372,0
18.9,329,329,-13.357,195.855,-3.06,10.9896,0.275978,1.40827,0
16.8,330,330,-17.799,194.389,-4.005,9.30454,0.467692,1.19514,0
12.7,331,331,-15.917,192.973,-4.138,9.10767,0.364597,1.20402,0
9.3,334,334,-13.932,189.026,-4.806,9.13892,0.412724,1.20927,0
9,335,335,-15.276,187.813,-4.769,6.98645,0.501553,1.07088,0
8.7,336,336,-14.994,186.652,-5.034,8.91736,0.514708,1.06388,0
8.6,337,337,-13.326,185.546,-4.805,6.43646,0.489144,1.07071,0
8.7,338,338,-11.87,184.491,-4.153,7.72493,0.238429,1.04644,0
8.4,339,339,-15.557,183.492,-5.441,8.21263,0.458603,0.879853,0
8.1,340,340,-18.671,182.547,-6.066,7.26888,0.469303,0.732485,0
8,341,341,-16.785,181.658,-5.844,5.44198,0.535889,0.744186,0
8,342,342,-18.243,180.823,-5.799,6.28644,0.53778,0.671512,0
7.9,343,343,-13.728,180.045,-5.438,7.49279,0.52362,0.748268,0
7.8,344,344,-17.284,179.323,-5.919,6.40818,0.503079,0.638159,0
7.7,345,345,-17.948,178.657,-6.136,4.61151,0.565407,0.581509,0
7.7,346,346,-14.256,178.049,-5.735,6.8366,0.525924,0.623713,0
7.7,347,347,-16.42,177.498,-5.778,4.65372,0.60451,0.582308,0
7.6,348,348,-15.872,177.005,-5.697,4.84786,0.542938,0.630237,0
7.7,349,349,-13.394,176.57,-5.271,4.74551,0.439686,0.692573,0
7.6,350,350,-16.498,176.193,-5.558,3.78678,0.503979,0.597614,0
7.5,351,351,-16.3,175.874,-5.89,3.4025,0.337452,0.560544,0
7.5,353,353,-20.874,175.413,-6.21,8.059,0.517152,0.472752,0
7.4,354,354,-18.42,175.27,-6.339,6.73597,0.389145,0.549547,0
7.3,356,356,-16.491,175.162,-6.488,8.97826,0.420023,0.585524,0
7.2,357,357,-18.027,175.197,-7.181,7.63574,0.423817,0.576784,0
7.1,358,358,-16.605,175.291,-7.178,8.87288,0.347431,0.566159,0
7,359,359,-20.645,175.444,-7.786,5.4342,0.44296,0.477604,0
6.9,360,360,-20.285,175.656,-7.991,4.1237,0.36029,0.507733,0
6.9,361,361,-16.808,175.928,-7.788,4.27891,0.269782,0.580265,0
6.9,362,362,-14.57,176.258,-7.171,3.69741,0.187746,0.589541,0
7,363,363,-13.493,176.647,-6.324,6.91765,0.291783,0.618923,0
6.9,365,365,-15.591,177.601,-7.132,7.62675,0.351186,0.597035,0
7,366,1,-19.975,178.166,-6.237,10.5296,0.370028,0.236911,0
6.9,367,2,-23.005,178.788,-7.723,6.57032,0.4144,0.20783,0
6.8,370,5,-15.081,181.004,-6.992,9.00915,0.460669,0.312258,0
6.8,371,6,-15.981,181.857,-7.48,7.09264,0.417182,0.303877,0
6.8,372,7,-17.062,182.767,-7.508,6.06539,0.453095,0.287707,0
6.8,373,8,-14.922,183.733,-7.419,8.76706,0.454152,0.321943,0
6.7,374,9,-17.245,184.755,-7.871,5.49346,0.321802,0.28674,0
6.6,375,10,-17.854,185.832,-8.238,4.78423,0.377781,0.281734,0
6.6,377,12,-20.675,188.152,-9.063,6.70809,0.445904,0.263296,0
6.5,378,13,-16.366,189.392,-8.544,5.97094,0.470351,0.30617,0
6.7,381,16,-18.546,193.434,-7.088,9.15625,0.362536,0.260554,0
6.7,382,17,-16.489,194.886,-7.145,9.42059,0.363626,0.290321,0
6.7,383,18,-21.814,196.388,-7.59,5.31183,0.402075,0.223143,0
6.6,384,19,-19.334,197.94,-7.942,8.7611,0.418543,0.251177,0
6.5,386,21,-26.362,201.194,-8.383,7.84046,0.447588,0.179195,0
6.5,387,22,-24.178,202.893,-9.126,10.1973,0.376853,0.204138,0
6.4,388,23,-21.499,204.639,-9.323,13.2614,0.37309,0.230831,0
6.3,390,25,-20.214,208.271,-9.125,8.79272,0.435728,0.254224,0
6.4,391,26,-18.051,210.155,-8.73,8.74783,0.394486,0.283599,0
6.4,392,27,-21.214,212.082,-8.617,7.93812,0.350766,0.253827,0
6.4,393,28,-18.072,214.053,-8.905,5.99789,0.215886,0.268519,0
6.5,395,30,-14.875,218.119,-7.741,9.17784,0.374472,0.325457,0
6.4,397,32,-18.967,222.346,-8.582,5.54137,0.148921,0.235766,0
6.4,399,34,-26.195,226.726,-9.19,7.74825,0.388189,0.165873,0
6.3,400,35,-24.457,228.971,-9.695,7.94019,0.428284,0.186943,0
6.3,401,36,-26.332,231.251,-10.038,10.0316,0.504324,0.174125,0
6.2,402,37,-27.728,233.565,-10.22,8.82337,0.514929,0.169064,0
6.3,406,41,-16.859,243.138,-7.957,10.5721,0.574017,0.308341,0
6.4,407,42,-15.397,245.605,-7.151,12.0978,0.554748,0.324006,0
6.5,408,43,-16.812,248.099,-7.533,21.1838,0.538423,0.322079,0
6.5,409,44,-13.55,250.62,-7.189,16.3794,0.530555,0.42852,0
6.6,410,45,-15.539,253.166,-6.187,10.3088,0.646892,0.412167,0
6.7,411,46,-11.917,255.736,-6.003,13.4959,0.304666,0.414343,0
6.7,412,47,-14.245,258.328,-6.107,9.3495,0.461207,0.428246,0
6.8,413,48,-13.776,260.943,-5.987,11.4685,0.576464,0.580641,0
6.8,414,49,-12.002,263.577,-5.109,8.87183,0.469863,0.720154,0
7,415,50,-10.239,266.23,-4.105,8.19741,0.369041,0.788783,0
7.1,417,52,-16.136,271.59,-5.276,10.2723,0.437366,0.532699,0
7,418,53,-17.233,274.295,-5.752,9.42311,0.428739,0.462691,0
6.9,419,54,-13.925,277.014,-5.679,8.61286,0.335779,0.445383,0
6.7,421,56,-15.416,282.491,-7.321,9.0259,0.358903,0.322374,0
6.8,422,57,-15.052,285.246,-6.117,7.44077,0.650591,0.315058,0
7,423,58,-10.854,288.012,-4.531,7.75159,0.506039,0.373838,0
7.1,424,59,-12.359,290.787,-4.481,9.28331,0.590963,0.435048,0
7.1,427,62,-18.677,299.152,-5.167,23.2741,0.47048,0.602593,0
6.8,428,63,-19.662,301.952,-6.593,26.8456,0.674573,0.771803,0
6.8,429,64,-17.663,304.754,-7.134,32.4247,0.689241,0.987411,0
6.9,431,66,-15.034,310.365,-5.785,16.0545,0.77846,1.41827,0
7.1,432,67,-15.691,313.171,-4.513,8.2491,0.413198,1.10674,0
7.4,434,69,-2.136,318.781,-2.47,17.7688,0.644949,0.389225,0
7.8,435,70,-4.685,321.582,-1.6,6.84777,0.297711,0.376364,0
8.2,437,72,-9.41,327.171,-2.001,17.9853,0.430341,0.472377,0
8.1,438,73,-8.574,329.958,-2.663,16.8059,0.679538,0.573461,0
8.1,439,74,-7.63,332.739,-2.307,16.5719,0.625827,0.677604,0
8.3,440,75,-3.733,335.512,-1.379,16.6814,0.512969,0.764764,0
8.4,441,76,-6.037,338.276,-1.444,12.3669,0.592685,0.63646,0
8.8,443,78,-5.019,343.776,-0.81,17.4239,0.736056,0.681349,0
9,444,79,-3.684,346.51,-0.452,19.9005,0.687506,0.632719,0
9.8,448,83,-6.141,357.322,-0.35,30.366,0.575977,1.00717,0
11.6,451,86,-4.611,365.275,-0.254,29.1368,0.575739,1.20349,0
12.7,453,88,-5.292,370.495,-0.182,46.2675,0.373507,0.995842,0
13.7,454,89,-7.299,373.077,-0.199,39.8322,0.563808,0.791844,0
15,455,90,-6.92,375.641,-0.206,35.2076,0.574386,0.866295,0
16.8,456,91,-5.84,378.184,-0.211,41.3279,0.411408,0.953782,0
18.1,457,92,-5.864,380.708,-0.573,50.5887,0.726054,1.79403,0
18.9,458,93,-6.091,383.211,-0.428,45.255,0.650736,1.93601,0
19.9,459,94,-7.49,385.692,-0.313,36.0695,0.736479,1.68904,0
21.6,460,95,-3.691,388.152,-0.175,55.6946,0.512508,1.67554,0
24.1,461,96,-0.915,390.588,-0.075,29.8819,0.645595,1.42731,0
25,462,97,-7.005,393.003,-0.172,33.2106,0.456915,1.03101,0
24.3,463,98,-9.718,395.393,-0.188,33.9791,0.832735,1.09543,0
24.3,464,99,-8,397.759,-0.106,32.8198,0.699735,1.39201,0
24.4,465,100,-5.928,400.101,0.044,52.1772,0.597095,1.71995,0
25,466,101,-5.175,402.417,0.541,39.1897,0.494302,1.94822,0
25.8,467,102,-3.206,404.709,0.671,22.5884,0.428456,2.03533,0
24.5,470,105,-12.664,411.427,-0.205,38.8666,0.628332,0.588247,0
25.8,471,106,-10.68,413.612,-0.178,42.5579,0.885975,0.993969,0
29,472,107,-7.972,415.77,0.343,47.1236,0.778441,1.2169,0
31,473,108,-6.974,417.9,1.202,48.501,0.739335,1.1368,0
31.9,474,109,-5.037,420.003,2.098,52.3914,0.656413,1.16904,0
32.4,475,110,-2.609,422.076,2.335,43.6829,0.577545,1.23507,0
32.6,476,111,0.994,424.121,3.338,62.053,0.374741,1.33864,0
32.3,477,112,-0.064,426.137,2.607,52.2274,0.645627,1.26492,0
31.1,480,115,1.13,432.006,4.919,63.0563,0.552674,1.33269,0
30.7,481,116,0.626,433.902,3.581,65.5132,1.482,1.15284,0
30,482,117,-1.067,435.767,3.73,82.287,1.13894,1.25188,0
29.4,483,118,-1.763,437.602,5.527,85.9075,1.10596,1.29512,0
28.8,484,119,-0.547,439.405,5.724,89.4208,0.905542,1.32617,0
27.7,487,122,1.757,444.628,5.157,21.3681,0.729636,1.0935,0
28,489,124,-10.293,447.951,1.109,71.3203,1.37223,1.04767,0
27.9,490,125,-6.648,449.564,1.72,83.1151,1.40676,1.32353,0
27.4,491,126,-4.992,451.144,3.29,68.5171,1.28755,1.30533,0
26.9,493,128,-3.403,454.207,3.719,85.8991,1.54222,1.50006,0
26.5,494,129,-0.715,455.69,5.794,74.83,1.17025,1.75508,0
27.9,499,134,-0.672,462.602,4.849,62.5463,1.56355,1.5851,0
27.4,501,136,-3.288,465.131,2.364,70.1528,2.00457,1.51881,0
27,502,137,-3.398,466.345,2.474,79.5762,1.77775,1.80024,0
26.5,503,138,-3.14,467.524,3.512,84.6556,2.09705,1.85574,0
26,504,139,0.144,468.671,5.542,78.256,1.88653,2.12846,0
25.4,505,140,-1.496,469.782,6.989,89.3544,1.91108,2.25063,0
24.9,506,141,-2.019,470.859,6.733,59.908,1.93896,2.23914,0
24.4,507,142,0.403,471.901,7.154,70.0005,2.4891,2.34034,0
24,508,143,0.902,472.91,9.135,66.415,2.0873,2.29112,0
23.6,509,144,0.588,473.884,8.906,63.0179,2.11991,2.24726,0
23.9,511,146,-0.35,475.727,5.422,83.892,2.45204,2.20241,0
23.8,517,152,-1.616,480.424,6.278,57.3898,3.10652,1.9723,0
23.5,518,153,1.971,481.084,7.515,100.749,2.56573,2.44218,0
23,522,157,-1.734,483.377,5.173,65.3645,3.19844,1.59122,0
22.7,523,158,-1.59,483.862,5.06,74.7729,3.50366,2.03453,0
22.3,524,159,-2.73,484.312,6.27,94.6057,3.3881,2.36225,0
21.9,525,160,0.727,484.727,9.396,97.304,3.94383,2.52593,0
21.5,526,161,0.494,485.107,9.874,71.7545,4.15607,2.63454,0
21.1,527,162,2.688,485.452,10.813,94.8631,3.94502,3.01575,0
24.2,532,167,-0.673,486.65,7.164,94.4586,4.05624,2.28289,0
23,534,169,2.223,486.883,10.121,139.105,5.23525,2.92619,0
22.1,535,170,0.16,486.947,10.413,120.572,5.21715,2.85393,0
21.3,536,171,-1.872,486.977,9.762,109.668,5.33249,2.53864,0
20.8,537,172,-1.513,486.971,9.222,81.6968,4.65061,2.07102,0
20.5,538,173,2.299,486.93,9.978,124.001,5.36956,2.42753,0
20,541,176,3.689,486.599,11.115,106.43,5.88554,2.84736,0
19.7,542,177,1.847,486.419,12.694,154.293,6.68215,3.30194,0
22.6,547,182,5.094,484.998,11.001,141.779,7.16522,5.50474,0
23,549,184,1.885,484.189,10.268,116.058,7.68533,6.49183,0
22.3,551,186,2.537,483.241,11.017,149.368,7.48206,4.9679,0
21.3,552,187,0.522,482.717,11.038,144.618,7.87642,4.39384,0
20.4,553,188,1.857,482.157,12.494,153.041,7.79179,4.63312,0
19.8,554,189,7.388,481.565,13.215,87.7373,6.96699,4.89979,0
20.9,557,192,-0.757,479.583,10.764,142.587,7.51823,4.17877,0
20.4,558,193,1.598,478.855,12.147,162.969,9.05007,4.55304,0
19.7,559,194,4.608,478.094,13.29,138.141,9.95361,4.96962,0
19.2,560,195,2.92,477.298,13.09,131.067,8.96864,4.70137,0
19.6,565,200,1.764,472.826,9.721,112.848,8.77064,4.37727,0
19.5,566,201,2.271,471.832,11.579,154.105,8.7098,4.46065,0
19.1,567,202,5.621,470.806,14.091,165.441,8.66205,4.05984,0
18.7,568,203,6.84,469.748,15.263,147.121,9.20169,4.00231,0
30,576,211,2.687,460.124,11.268,119.504,8.81572,4.91331,0
28.6,577,212,2.602,458.778,12.359,158.694,8.94458,4.76066,0
27.5,578,213,4.232,457.401,12.871,114.942,8.85723,4.69629,0
24.6,581,216,6.569,453.087,15.262,123.14,9.3332,5.90334,0
23.7,582,217,6.342,451.588,15.941,125.225,9.24065,6.07401,0
29.7,590,225,8.516,438.523,12.724,103.688,8.77982,5.406,0
29.3,593,228,4.139,433.145,11.487,122.352,7.99088,4.56429,0
27.6,598,233,0.714,423.631,10.055,122.719,7.71187,4.96101,0
29.2,604,239,4.334,411.342,11.856,97.5893,6.93608,4.26932,0
27.2,607,242,4.011,404.86,12.168,67.3957,6.7363,5.61404,0
26,609,244,4.052,400.422,12.248,100.68,7.196,4.47976,0
29.1,623,258,-1.101,366.987,5.529,91.7592,4.05944,1.71299,0
28.5,624,259,-1.763,364.461,6.759,81.018,3.95198,2.12123,0
29.1,631,266,-2.723,346.374,6.505,63.2929,2.95876,1.66905,0
29.2,636,271,-0.04,333.108,7.922,52.3754,2.02175,2.19819,0
28.3,638,273,0.565,327.744,6.345,29.1509,1.76864,2.39715,0
27.7,640,275,-5.943,322.355,4.415,36.3539,1.64382,1.89353,0
27.4,641,276,-8.353,319.654,3.684,35.0861,1.50785,1.68864,0
27.1,642,277,-5.924,316.95,3.959,31.4824,1.46996,1.74678,0
26.8,643,278,-2.612,314.243,3.772,15.8797,0.954054,1.80726,0
26.6,645,280,-7.089,308.823,2.836,26.6703,1.22154,1.47238,0
26.4,646,281,-7.57,306.113,2.587,34.1005,1.35785,1.34253,0
26.2,647,282,-5.631,303.404,3.585,31.2291,1.0611,1.16216,0
26,650,285,-8.076,295.291,3.116,23.9153,1.03574,1.23452,0
25.8,652,287,-1.268,289.905,3.221,12.1354,0.530494,1.37437,0
26.3,656,291,-6.144,279.218,2.586,27.5526,0.701899,1.07488,0
26.3,657,292,-7.113,276.572,2.746,21.5104,0.75712,1.01895,0
26.3,658,293,-3.48,273.936,3.347,19.1997,0.620705,1.05526,0
26.8,661,296,-2.204,266.111,3.348,23.2707,0.567022,0.992826,0
27.2,663,298,-6.966,260.972,1.541,27.1573,0.626504,0.817386,0
27.1,664,299,-8.838,258.43,1.133,17.4111,0.711992,0.728653,0
26.9,665,300,-9.886,255.906,0.891,17.2171,0.800755,0.706259,0
26.7,666,301,-8.396,253.403,0.878,17.6559,0.734256,0.725224,0
26.5,667,302,-5.511,250.922,0.97,15.4917,0.739926,0.741792,0
26.6,670,305,-10.556,243.616,0.371,25.5653,0.468972,0.570184,0
26.6,671,306,-12.2,241.23,0.075,21.2993,0.725125,0.535864,0
26.4,672,307,-11.767,238.872,-0.122,17.1083,0.667174,0.569359,0
26.2,673,308,-10.293,236.542,-0.237,22.8558,0.649615,0.662488,0
26,674,309,-8.624,234.241,-0.367,23.501,0.734921,0.664415,0
25.7,675,310,-9.259,231.969,-0.555,18.1868,0.689149,0.560068,0
25.4,676,311,-8.665,229.729,-0.675,14.4354,0.56703,0.501456,0
25,677,312,-10.151,227.521,-0.687,11.5315,0.505947,0.428477,0
24.6,678,313,-8.43,225.346,-0.853,14.7683,0.651113,0.416171,0
24.3,679,314,-8.966,223.205,-0.722,17.1035,0.58906,0.391975,0
23.9,680,315,-10.062,221.1,-1.191,18.4228,0.634329,0.452849,0
23.5,681,316,-12.224,219.03,-1.303,13.2614,0.623382,0.589555,0
21.4,685,320,-17.317,211.135,-2.735,14.2271,0.427513,0.520831,0
20.4,686,321,-17.595,209.261,-3.545,16.3205,0.579597,0.53107,0
19.5,687,322,-17.428,207.43,-3.761,12.3405,0.547121,0.563388,0
18.6,688,323,-14.951,205.641,-3.399,13.3443,0.507356,0.617562,0
17.5,689,324,-14.357,203.896,-3.161,13.1811,0.50387,0.630826,0
15.3,690,325,-13.368,202.196,-3.164,14.1061,0.476424,0.651739,0
13.4,691,326,-8.723,200.54,-2.461,14.2246,0.277909,0.736479,0
12.1,693,328,-16.858,197.37,-3.446,13.9782,0.424257,0.552848,0
10.9,694,329,-18.78,195.855,-3.933,9.29532,0.423081,0.452119,0
9.7,695,330,-21.422,194.389,-5.318,11.9592,0.415394,0.47605,0
9,696,331,-20.764,192.973,-5.397,8.72235,0.44472,0.485459,0
8.7,697,332,-18.489,191.607,-4.974,6.20525,0.539305,0.546718,0
8.6,698,333,-14.704,190.291,-4.696,5.92509,0.610428,0.633793,0
8.5,699,334,-16.197,189.026,-4.546,5.62533,0.627022,0.611018,0
8.4,700,335,-15.858,187.813,-4.408,5.75867,0.573755,0.621691,0
8.4,701,336,-15.128,186.652,-4.003,5.79681,0.603349,0.63951,0
8.4,702,337,-10.592,185.546,-3.569,5.50429,0.409218,0.695949,0
8.5,703,338,-15.155,184.491,-3.64,5.9959,0.482984,0.61203,0
8.2,704,339,-17.278,183.492,-4.768,5.11486,0.551815,0.578193,0
8.1,705,340,-16.445,182.547,-4.965,4.30096,0.296895,0.567087,0
7.9,706,341,-16.424,181.658,-5.443,6.50656,0.617558,0.559375,0
7.8,707,342,-17.631,180.823,-6.037,5.86504,0.637513,0.559118,0
7.7,708,343,-14.923,180.045,-5.776,5.2008,0.593994,0.612688,0
7.7,709,344,-15.749,179.323,-5.477,5.50847,0.587867,0.590384,0
7.6,710,345,-16.088,178.657,-5.158,2.98787,0.502283,0.597024,0
7.7,711,346,-16.325,178.049,-5.225,7.10105,0.635809,0.591656,0
7.6,712,347,-16.535,177.498,-5.559,4.79699,0.603327,0.530491,0
7.6,713,348,-12.76,177.005,-4.94,3.57078,0.567012,0.424584,0
7.7,714,349,-12.284,176.57,-4.543,4.96414,0.436543,0.348875,0
7.6,715,350,-16.016,176.193,-5.008,5.3738,0.620788,0.309836,0
7.5,716,351,-16.146,175.874,-5.391,4.51287,0.45121,0.291512,0
7.5,717,352,-14.098,175.614,-5.364,4.69475,0.475154,0.296195,0
7.5,718,353,-13.026,175.413,-5.105,6.0341,0.583467,0.292914,0
7.6,719,354,-11.006,175.27,-4.284,2.72011,0.350086,0.28518,0
7.5,720,355,-12.089,175.187,-4.528,4.13361,0.452414,0.27288,0
7.6,721,356,-9.508,175.162,-3.795,3.67469,0.543937,0.286937,0
7.4,725,360,-15.192,175.656,-5.097,11.5451,0.449606,0.235044,0
7.4,728,363,-19.486,176.647,-4.986,9.063,0.357774,0.183319,0
7.3,729,364,-17.056,177.094,-5.141,14.2379,0.470622,0.197718,0
7.2,730,365,-27.973,177.601,-6.466,9.4405,0.477438,0.108286,0
7,731,1,-25.204,178.166,-7.045,7.56562,0.598082,0.145686,0
7,733,3,-13.284,178.788,-5.917,11.381,0.379453,0.365126,0
7.1,734,4,-11.049,179.469,-4.987,8.8618,0.432995,0.385012,0
7.1,735,5,-13.353,180.208,-5.564,8.52631,0.360544,0.352706,0
7.1,736,6,-11.972,181.004,-5.4,12.6503,0.461325,0.374964,0
7.1,737,7,-13.309,181.857,-5.409,8.59634,0.410053,0.3597,0
7,738,8,-15.248,182.767,-5.987,5.53871,0.391023,0.318633,0
7,740,10,-22.106,184.755,-6.294,8.62221,0.460857,0.251233,0
6.9,741,11,-22.604,185.832,-6.976,6.82492,0.444325,0.239337,0
6.8,742,12,-21.141,186.965,-7.434,5.95077,0.374787,0.248254,0
6.7,743,13,-19.648,188.152,-7.26,6.42033,0.412647,0.268389,0
6.7,744,14,-18.664,189.392,-7.259,10.174,0.4497,0.283882,0
6.7,745,15,-20.776,190.687,-7.728,9.06498,0.544494,0.266737,0
6.6,746,16,-19.928,192.034,-7.919,10.1895,0.535593,0.285219,0
6.6,747,17,-18.146,193.434,-7.819,14.3959,0.596175,0.308677,0
6.6,748,18,-19.156,194.886,-7.986,10.0182,0.584036,0.285197,0
6.5,749,19,-22.072,196.388,-8.457,8.07284,0.558695,0.249001,0
6.5,750,20,-20.007,197.94,-8.632,7.27014,0.549819,0.269217,0
6.5,752,22,-19.17,201.194,-8.247,10.5024,0.557194,0.280511,0
6.5,753,23,-16.621,202.893,-8.283,8.97251,0.498577,0.317715,0
6.5,754,24,-12.331,204.639,-6.884,14.4668,0.464336,0.344803,0
6.5,755,25,-17.336,206.432,-7.368,8.59531,0.407713,0.295456,0
6.6,757,27,-12.061,210.155,-6.013,9.87414,0.605451,0.369196,0
6.6,758,28,-14.647,212.082,-6.912,13.1469,0.629425,0.34553,0
6.6,759,29,-13.511,214.053,-6.961,14.3587,0.601798,0.36153,0
6.6,760,30,-11.678,216.066,-6.706,10.3876,0.515177,0.370351,0
6.6,761,31,-13.605,218.119,-6.52,14.5305,0.631182,0.353359,0
6.6,762,32,-14.6,220.213,-7.044,8.68315,0.622295,0.339329,0
6.6,763,33,-12.587,222.346,-6.289,10.5074,0.631412,0.371676,0
6.6,764,34,-18.225,224.518,-7.314,6.84343,0.581631,0.286433,0
6.6,765,35,-13.116,226.726,-6.899,9.32689,0.682094,0.319982,0
6.6,766,36,-11.917,228.971,-6.4,6.51261,0.690654,0.322251,0
6.7,767,37,-11.069,231.251,-5.484,6.3323,0.808706,0.352474,0
6.8,768,38,-9.839,233.565,-4.987,5.30575,0.507017,0.744982,0
6.8,769,39,-15.473,235.911,-5.889,4.2027,0.308075,1.31366,0
6.6,770,40,-14.248,238.29,-6.638,4.79501,0.450811,2.21566,0
6.7,772,42,-14.879,243.138,-5.859,12.482,0.660652,3.65284,0
6.8,773,43,-13.692,245.605,-5.663,8.1087,0.561796,4.41052,0
6.7,774,44,-17.076,248.099,-6.416,7.16569,0.683675,3.19183,0
6.8,775,45,-11.747,250.62,-5.558,8.24648,0.682681,1.49791,0
6.8,776,46,-10.287,253.166,-4.621,4.96821,0.628137,0.324997,0
6.9,778,48,-15.377,258.328,-5.294,8.54825,0.306438,0.26229,0
6.8,779,49,-16.338,260.943,-5.04,14.4894,0.552573,0.253487,0
6.6,784,54,-11.524,274.295,-5.904,25.1395,0.589201,0.447909,0
6.7,785,55,-10.668,277.014,-5.803,28.3536,0.522231,0.59658,0
6.8,786,56,-8.545,279.746,-5.186,23.0475,0.523646,0.67773,0
6.8,787,57,-10.899,282.491,-4.618,14.1573,0.605864,0.658127,0
7.1,789,59,-14.086,288.012,-4.134,20.4591,0.42709,0.639007,0
7,790,60,-15.596,290.787,-4.94,21.5586,0.606545,0.649519,0
7,791,61,-13.805,293.569,-4.692,15.3606,0.251223,0.645143,0
6.8,793,63,-18.122,299.152,-6.873,20.5053,0.711227,0.574613,0
6.8,794,64,-17.648,301.952,-6.249,16.7553,0.782917,0.664371,0
6.8,795,65,-19.749,304.754,-5.705,14.2161,0.77149,0.677152,0
6.9,796,66,-15.636,307.559,-4.861,17.1369,0.811167,0.74528,0
6.9,797,67,-13.553,310.365,-4.513,15.6281,0.822779,0.676202,0
6.9,798,68,-8.031,313.171,-4.566,16.0523,0.756256,0.644097,0
7.1,799,69,-10.149,315.977,-2.47,14.2202,0.744324,0.487773,0
6.9,800,70,-9.605,318.781,-1.6,12.6473,0.773911,0.388779,0
7.2,801,71,-9.003,321.582,-1.444,9.90709,0.697917,0.300547,0
8.5,802,72,-7.734,324.379,-2.001,13.6857,0.719444,0.238772,0
9.5,803,73,-7.028,327.171,-2.663,11.2128,0.491703,0.164677,0
13.4,804,74,-5.48,329.958,-2.307,8.02675,0.477271,0.133432,0
12.6,809,79,-2.926,343.776,-0.452,26.7969,0.530657,0.951239,0
17,814,84,-6.978,357.322,-0.303,30.5243,0.469301,0.87307,0
14.9,815,85,-6.797,359.989,-0.072,32.7447,0.399162,0.772777,0
20.4,820,90,-5.716,373.077,0.484,35.9418,0.500353,0.749853,0
19.6,824,94,-7.209,383.211,1.033,52.7942,0.87937,1.55342,0
21.4,825,95,-6.942,385.693,1.243,45.2287,0.678706,1.46269,0
26.4,826,96,-2.749,388.152,1.422,54.1273,0.673168,1.56492,0
31.3,827,97,-2.014,390.588,2.274,45.6037,0.530631,1.48841,0
34.3,828,98,-1.021,393.003,2.103,38.784,0.486339,1.28596,0
36.4,829,99,-2.495,395.393,0.515,25.7478,0.431778,0.92768,0
33.6,833,103,-11.156,404.709,0.076,42.0182,0.640295,1.41675,0
33.9,834,104,-8.428,406.975,-0.076,46.9345,0.795177,1.71177,0
34.2,836,106,-6.075,411.427,1.3,51.062,0.846122,1.21407,0
39.2,839,109,-2.98,417.9,1.146,51.5989,1.01593,1.20585,0
38.4,840,110,-4.015,420.002,0.48,72.1315,1.09586,1.22738,0
38.1,841,111,-2.305,422.076,1.838,64.1216,0.933538,1.65023,0
38.3,842,112,-0.279,424.121,3.206,71.1523,0.760281,1.97488,0
38,843,113,-0.743,426.137,2.01,47.7056,0.92289,2.07134,0
37.6,844,114,-2.821,428.123,2.295,57.2203,0.989636,1.84549,0
37.2,845,115,-3.95,430.079,2.466,49.5943,1.0539,1.62634,0
36.5,846,116,-3.184,432.006,2.451,60.6605,0.981187,1.62594,0
36.2,847,117,-0.562,433.902,3.319,60.3961,1.00492,1.78328,0
35.7,848,118,-0.977,435.767,3.781,58.7535,0.864992,1.84085,0
35.3,849,119,0.863,437.602,3.941,40.9209,0.83811,2.01628,0
34.8,850,120,0.694,439.405,3.99,41.3502,0.950889,2.22917,0
34.4,851,121,1.414,441.178,4.34,31.6914,1.23085,2.33058,0
32,857,127,-2.425,451.144,2.746,92.1062,1.66452,1.95498,0
31.3,858,128,0.287,452.692,3.77,99.9756,1.88145,1.94968,0
30.7,859,129,-1.731,454.207,4.342,71.7768,1.73235,1.92906,0
29.9,861,131,-1.827,457.139,4.428,55.121,1.64548,1.96175,0
29,863,133,0.193,459.937,5.297,47.1273,1.704,1.95534,0
28.5,864,134,0.996,461.286,5.188,49.2871,1.29981,1.97115,0
30.1,880,150,0.406,478.232,6.335,66.4071,2.42309,2.21396,0
29.3,882,152,4.505,479.728,8.897,109.79,3.37858,2.89574,0
28.7,883,153,1.292,480.424,8.564,91.2754,3.71287,2.7209,0
28.2,884,154,2.477,481.084,9.237,66.6953,3.81411,3.01325,0
27.5,887,157,3.001,482.856,8.861,104.137,3.94696,4.48327,0
27.2,888,158,-0.524,483.377,7.972,73.9346,3.77678,3.91287,0
26.7,889,159,1.968,483.862,8.085,101.719,4.14741,3.36185,0
27.3,894,164,1.962,485.762,8.886,79.5154,5.63382,3.47788,0
27.5,901,171,3.866,486.947,9.666,77.9154,7.20385,4.64966,0
30.8,908,178,2.221,486.419,9.887,121.77,7.63632,3.75216,0
29.8,911,181,4.216,485.67,11.069,125.242,7.69811,5.09271,0
31,923,193,2.143,479.583,12.089,124.209,8.86112,5.44391,0
29.9,924,194,3.928,478.855,12.918,138.402,8.37643,5.51818,0
28.8,925,195,6,478.094,13.156,122.801,8.09737,5.02972,0
26.8,927,197,3.66,476.471,13.298,128.009,8.50296,4.44527,0
24.9,929,199,8.252,474.714,15.471,134.714,8.5866,6.76446,0
24.3,937,207,8.765,466.378,14.909,165.687,9.34006,9.81696,0
29.8,945,215,7.089,455.994,13.566,139.304,9.42873,6.93486,0
28.9,946,216,4.341,454.555,12.778,146.985,10.008,5.98279,0
30.7,949,219,7.382,450.059,12.473,90.5632,8.97888,11.2785,0
29.9,950,220,8.88,448.499,14.723,125.992,10.0279,12.9713,0
28.2,955,225,7.872,440.258,15.481,134.537,8.91513,9.99854,0
27.9,956,226,8.693,438.523,15.903,138.086,8.16414,9.85358,0
31.2,961,231,6.16,429.422,13.136,61.2563,7.07243,5.53829,0
30.1,963,233,4.387,425.587,11.344,105.498,8.7177,3.02845,0
29.3,968,238,2.605,415.541,11.585,90.7584,7.19803,5.87653,0
27.1,972,242,4.287,407.045,12.163,107.7,7.47513,5.32694,0
27.7,981,251,-0.476,386.57,7.556,89.2329,5.02851,5.22414,0
27.2,982,252,-0.922,384.188,8.486,97.8024,4.67974,5.13891,0
26.6,983,253,1.908,381.787,10.064,87.5628,4.32064,3.80875,0
25.9,984,254,4.083,379.365,11.032,87.5689,4.73336,3.04207,0
30.8,987,257,4.25,371.991,9.947,66.4941,4.81771,7.49612,0
30,988,258,5.341,369.498,10.27,38.1879,3.59128,9.31201,0
30.3,991,261,2.842,361.919,9.982,76.4857,3.66707,4.96545,0
29.6,992,262,1.884,359.362,8.914,55.8274,3.64231,3.36558,0
30.4,995,265,1.212,351.608,8.656,67.8517,3.64363,2.86655,0
30.3,1010,280,-1.866,311.533,5.013,44.2492,1.46783,2.11994,0
29.9,1011,281,-5.082,308.823,4.337,29.067,1.46505,1.78355,0
28.5,1015,285,-1.344,297.992,4.244,33.221,1.27181,1.59713,0
28.2,1018,288,-4.716,289.905,4.197,20.4479,1.07056,1.4863,0
28,1019,289,-6.257,287.221,3.322,20.9916,1.0271,1.70899,0
27.8,1020,290,-5.554,284.544,3.044,28.5432,1.06282,2.02592,0
27.6,1021,291,-2.973,281.876,3.781,20.5427,1.09129,2.35191,0
27.5,1022,292,-0.438,279.218,4.763,16.5469,0.857156,2.34999,0
28.7,1026,296,-5.609,268.705,1.704,38.4648,0.819635,1.25965,0
28.6,1027,297,-7.582,266.111,0.721,27.5955,0.73465,1.26762,0
28.3,1028,298,-9.481,263.532,0.411,21.8879,0.879735,1.20025,0
28.1,1029,299,-7.877,260.972,0.351,17.4542,0.829407,1.17371,0
27.7,1033,303,-10.505,250.922,0.206,27.7553,0.746412,0.971883,0
27.5,1034,304,-9.457,248.462,-0.108,17.0251,0.694924,1.06553,0
27.3,1035,305,-6.387,246.027,-0.165,13.672,0.668535,1.20168,0
27.1,1036,306,-8.722,243.616,-0.142,19.7233,0.762025,1.20279,0
27,1037,307,-8.97,241.23,-0.189,16.1559,0.7383,1.20796,0
26.9,1038,308,-6.691,238.872,-0.214,17.6803,0.76611,1.23811,0
26.7,1039,309,-7.53,236.542,-0.27,15.6915,0.638973,1.07213,0
26.5,1040,310,-8.179,234.241,-0.342,21.0622,0.650623,0.943137,0
26.2,1041,311,-6.973,231.969,-0.608,17.6804,0.499099,0.945875,0
25.7,1042,312,-9.276,229.729,-0.897,14.8336,0.687959,0.870136,0
25.2,1043,313,-8.957,227.521,-0.833,15.0888,0.601097,0.806919,0
24.9,1044,314,-9.994,225.346,-0.904,12.0736,0.601173,0.700844,0
24.5,1045,315,-10.626,223.205,-0.905,11.3772,0.566268,0.607745,0
24.3,1046,316,-8.188,221.1,-0.969,11.7648,0.550895,0.646001,0
24.1,1047,317,-8.12,219.03,-0.788,10.2896,0.503783,0.655861,0
24.3,1052,322,-10.085,209.261,-0.889,9.74885,0.10733,0.537263,0
23.4,1054,324,-16.379,205.641,-1.503,14.0781,0.410264,0.433306,0
22.5,1055,325,-14.947,203.896,-1.955,11.021,0.414333,0.464899,0
21.6,1056,326,-14.085,202.196,-2.167,11.0993,0.391526,0.46863,0
20.9,1057,327,-16.215,200.54,-2.163,16.8163,0.297328,0.392421,0
19.9,1058,328,-21.115,198.931,-3.873,11.4491,0.358299,0.33426,0
17.9,1059,329,-19.029,197.37,-4.05,11.3258,0.439076,0.392386,0
13.8,1060,330,-14.892,195.855,-4.031,12.7467,0.446704,0.485999,0
11.6,1061,331,-13.685,194.389,-3.693,9.41958,0.42116,0.498618,0
10.9,1062,332,-13.893,192.973,-3.293,10.4341,0.392398,0.49825,0
10.2,1063,333,-17.773,191.607,-4.132,10.5818,0.435401,0.406536,0
9.5,1064,334,-19.731,190.291,-4.841,10.3966,0.498485,0.376625,0
9,1065,335,-18.488,189.026,-5.114,8.85553,0.467509,0.395406,0
8.7,1066,336,-17.972,187.813,-5.104,9.61353,0.46002,0.393685,0
8.6,1067,337,-14.356,186.652,-5.14,13.8302,0.552143,0.495438,0
8.4,1068,338,-15.165,185.546,-5.507,15.8659,0.258225,0.411641,0
8.2,1069,339,-17.491,184.491,-6.023,8.63874,0.336701,0.398345,0
8.1,1070,340,-17.125,183.492,-5.881,7.57831,0.465819,0.414807,0
8,1071,341,-14.976,182.547,-5.379,8.45862,0.437313,0.453453,0
8,1072,342,-15.599,181.658,-5.327,8.16208,0.36103,0.461125,0
7.9,1073,343,-17.598,180.823,-5.56,7.06748,0.483205,0.428907,0
7.9,1074,344,-16.164,180.045,-5.527,6.82863,0.477254,0.449752,0
7.9,1075,345,-15.677,179.323,-4.994,5.43131,0.196017,0.400216,0
7.8,1077,347,-11.88,178.049,-5.343,13.7859,0.287794,0.509546,0
7.7,1078,348,-16.303,177.498,-6.265,10.3784,0.241821,0.417823,0
7.4,1079,349,-19.934,177.005,-7.586,6.88417,0.345939,0.321811,0
7.3,1080,350,-19.049,176.57,-7.367,6.20145,0.417869,0.394558,0
7.3,1081,351,-19.374,176.193,-7.144,6.68625,0.421197,0.384208,0
7.2,1082,352,-20.186,175.874,-7.212,4.83993,0.454732,0.361927,0
7.2,1083,353,-18.223,175.614,-7.179,6.00306,0.437726,0.407641,0
7.1,1084,354,-18.916,175.413,-7.431,5.78002,0.399977,0.373297,0
7.1,1085,355,-19.675,175.27,-7.991,7.49691,0.350324,0.315566,0
6.9,1086,356,-20.284,175.187,-8.504,5.47904,0.400255,0.348594,0
6.8,1087,357,-21.675,175.162,-8.765,4.49702,0.456946,0.342559,0
6.8,1088,358,-18.948,175.197,-7.941,4.39786,0.434759,0.40281,0
6.8,1089,359,-16.097,175.291,-7.553,4.35116,0.279316,0.437592,0
6.9,1090,360,-16.922,175.444,-7.043,5.4677,0.396802,0.428102,0
6.9,1091,361,-18.026,175.656,-7.771,6.03108,0.396504,0.411629,0
6.8,1092,362,-17.915,175.928,-7.851,4.46038,0.42111,0.428411,0
6.8,1093,363,-15.944,176.258,-7.542,4.70782,0.433011,0.480306,0
6.8,1094,364,-15.717,176.647,-7.255,4.30294,0.422527,0.459906,0
6.9,1095,365,-11.123,177.094,-5.932,4.38445,0.41312,0.549592,0
6.9,1096,366,-15.293,177.601,-6.306,4.26038,0.384269,0.464752,0
