SWC,DAY,DOY,TA,SW,TS,LE,GPP,RECO,SWC1,SWC2,SWC3,SWC4,SWC5,P0,P1,P2
6.5,1,1,-18.43,178.166,-9.097,4.11875,0.312187,0.0858994,6.47,6.448,6.499,6.598,7.074,0,0,0
6.4,2,2,-19.676,178.788,-9.707,5.55856,0.399299,0.0877758,6.5,6.47,6.448,6.499,6.598,0,0,0
6.4,3,3,-20.211,179.469,-9.63,4.78131,0.365166,0.0945372,6.4,6.5,6.47,6.448,6.499,0,0,0
6.4,4,4,-19.988,180.208,-9.226,4.89112,0.388545,0.090329,6.4,6.4,6.5,6.47,6.448,0,0,0
6.4,5,5,-19.51,181.004,-9.158,4.4163,0.397376,0.0894469,6.4,6.4,6.4,6.5,6.47,0,0,0
6.4,6,6,-20.628,181.857,-9.428,4.8535,0.420799,0.091506,6.4,6.4,6.4,6.4,6.5,0,0,0
6.3,7,7,-21.335,182.767,-9.677,4.57879,0.529214,0.0987689,6.4,6.4,6.4,6.4,6.4,0,0,0
6.3,8,8,-18.197,183.733,-9.327,4.51731,0.502459,0.0919377,6.3,6.4,6.4,6.4,6.4,0,0,0
6.4,9,9,-18.501,184.755,-8.76,4.22114,0.546006,0.0919383,6.3,6.3,6.4,6.4,6.4,0,0,0
6.3,10,10,-22.21,185.832,-9.482,5.10281,0.522587,0.073636,6.4,6.3,6.3,6.4,6.4,0,0,0
6.3,11,11,-21.752,186.965,-10.282,3.74323,0.509678,0.0659999,6.3,6.4,6.3,6.3,6.4,0,0,0
6.2,12,12,-22.06,188.152,-10.636,5.18132,0.584953,0.081955,6.3,6.3,6.4,6.3,6.3,0,0,0
6.2,13,13,-22.085,189.392,-10.614,4.07549,0.496894,0.0888947,6.2,6.3,6.3,6.4,6.3,0,0,0
6.2,14,14,-20.139,190.687,-9.969,4.33336,0.511291,0.0853215,6.2,6.2,6.3,6.3,6.4,0,0,0
6.2,15,15,-17.557,192.034,-9.54,4.48771,0.483209,0.114532,6.2,6.2,6.2,6.3,6.3,0,0,0
6.3,16,16,-14.423,193.434,-8.765,2.73411,0.346872,0.136714,6.2,6.2,6.2,6.2,6.3,0,0,0
6.3,17,17,-14.236,194.886,-8.389,4.18494,0.239931,0.114806,6.3,6.2,6.2,6.2,6.2,0,0,0
6.4,18,18,-13.74,196.388,-7.415,5.11127,0.314717,0.083506,6.3,6.3,6.2,6.2,6.2,0,0,0
6.5,19,19,-13.996,197.94,-7.48,3.84594,0.293828,0.103647,6.4,6.3,6.3,6.2,6.2,0,0,0
6.5,20,20,-16.377,199.542,-7.545,5.27999,0.433693,0.152402,6.5,6.4,6.3,6.3,6.2,0,0,0
6.5,21,21,-12.426,201.194,-6.91,6.17616,0.448125,0.153576,6.5,6.5,6.4,6.3,6.3,0,0,0
6.5,22,22,-17.276,202.893,-7.789,4.66424,0.405196,0.139984,6.5,6.5,6.5,6.4,6.3,0,0,0
6.4,23,23,-18.395,204.639,-8.309,4.18867,0.381986,0.129537,6.5,6.5,6.5,6.5,6.4,0,0,0
6.4,24,24,-17.32,206.432,-7.849,3.60178,0.414771,0.131353,6.4,6.5,6.5,6.5,6.5,0,0,0
6.4,25,25,-16.247,208.271,-8.111,4.1201,0.274553,0.116399,6.4,6.4,6.5,6.5,6.5,0,0,0
6.3,26,26,-18.951,210.155,-8.915,14.5297,0.293785,0.0969988,6.4,6.4,6.4,6.5,6.5,0,0,0
6.2,27,27,-23.5,212.082,-10.455,6.45584,0.279217,0.092521,6.3,6.4,6.4,6.4,6.5,0,0,0
6.2,28,28,-23.45,214.053,-10.187,5.94141,0.205049,0.116988,6.2,6.3,6.4,6.4,6.4,0,0,0
6.2,29,29,-17.28,216.066,-9.595,4.20895,0.237874,0.150599,6.2,6.2,6.3,6.4,6.4,0,0,0
6.3,30,30,-16.163,218.119,-8.637,4.00073,0.288524,0.158248,6.2,6.2,6.2,6.3,6.4,0.4,0,0
6.3,31,31,-18.731,220.213,-8.767,5.77324,0.253736,0.165771,6.3,6.2,6.2,6.2,6.3,0,0.4,0
6.3,32,32,-19.636,222.346,-8.666,4.59534,0.0685814,0.153535,6.3,6.3,6.2,6.2,6.2,0,0,0.4
6.3,33,33,-15.463,224.518,-8.122,4.70457,0.194529,0.182991,6.3,6.3,6.3,6.2,6.2,0,0,0
6.5,34,34,-15.901,226.726,-7.103,6.22282,0.150897,0.171185,6.3,6.3,6.3,6.3,6.2,0,0,0
6.5,35,35,-16.533,228.971,-7.324,4.25934,0.114421,0.175132,6.5,6.3,6.3,6.3,6.3,0,0,0
6.6,36,36,-16.524,231.251,-6.66,12.4201,0.0576119,0.173803,6.5,6.5,6.3,6.3,6.3,0.1,0,0
6.5,37,37,-16.106,233.565,-7.363,6.27735,0.06575,0.204474,6.6,6.5,6.5,6.3,6.3,0,0.1,0
6.6,38,38,-13.014,235.911,-6.58,4.64959,0.083356,0.243652,6.5,6.6,6.5,6.5,6.3,0,0,0.1
6.6,39,39,-12.959,238.29,-6.196,4.37119,0.282804,0.231061,6.6,6.5,6.6,6.5,6.5,0,0,0
6.7,40,40,-12.348,240.699,-5.606,16.6924,0.142975,0.207374,6.6,6.6,6.5,6.6,6.5,0.6,0,0
6.6,41,41,-17.57,243.138,-7.166,11.1653,0.108591,0.184355,6.7,6.6,6.6,6.5,6.6,0,0.6,0
6.4,42,42,-19.516,245.605,-8.525,9.43149,0.161714,0.172655,6.6,6.7,6.6,6.6,6.5,0,0,0.6
6.4,43,43,-20.341,248.099,-8.343,9.91767,0.345302,0.187295,6.4,6.6,6.7,6.6,6.6,0,0,0
6.5,44,44,-17.761,250.62,-7.179,8.33126,0.334134,0.221274,6.4,6.4,6.6,6.7,6.6,0,0,0
6.6,45,45,-16.145,253.166,-6.461,6.64353,0.313284,0.223046,6.5,6.4,6.4,6.6,6.7,0,0,0
6.7,46,46,-12.687,255.736,-5.597,8.15839,0.436082,0.245253,6.6,6.5,6.4,6.4,6.6,0,0,0
6.7,47,47,-15.108,258.328,-6,5.66209,0.486913,0.240858,6.7,6.6,6.5,6.4,6.4,0,0,0
6.7,48,48,-15.504,260.943,-6.176,6.96359,0.530097,0.281299,6.7,6.7,6.6,6.5,6.4,0,0,0
6.8,49,49,-11.508,263.577,-4.972,7.42979,0.725592,0.320002,6.7,6.7,6.7,6.6,6.5,0,0,0
7,50,50,-8.127,266.23,-3.972,6.44589,0.696734,0.288959,6.8,6.7,6.7,6.7,6.6,0,0,0
7.3,51,51,-3.862,268.902,-2.696,3.51614,0.614826,0.365855,7,6.8,6.7,6.7,6.7,0,0,0
7.4,52,52,-8.498,271.59,-2.794,5.29002,0.561068,0.23995,7.3,7,6.8,6.7,6.7,0.3,0,0
7.4,53,53,-13.142,274.295,-3.902,5.87322,0.507808,0.193388,7.4,7.3,7,6.8,6.7,0,0.3,0
7.1,54,54,-17.821,277.014,-5.253,9.08099,0.561176,0.201183,7.4,7.4,7.3,7,6.8,0,0,0.3
7.1,55,55,-11.666,279.746,-4.423,8.29848,0.413965,0.293784,7.1,7.4,7.4,7.3,7,0,0,0
7.4,56,56,-9.221,282.491,-3.294,12.4419,0.384764,0.290152,7.1,7.1,7.4,7.4,7.3,0.3,0,0
7.6,57,57,-10.444,285.246,-3.541,14.6082,0.379623,0.362535,7.4,7.1,7.1,7.4,7.4,0,0.3,0
7.5,58,58,-11.989,288.012,-3.755,13.2726,0.237391,0.270577,7.6,7.4,7.1,7.1,7.4,0.2,0,0.3
7.3,59,59,-14.078,290.787,-3.913,25.5285,0.439373,0.473331,7.5,7.6,7.4,7.1,7.1,0,0.2,0
7.3,60,60,-9.319,293.569,-3.82,21.4576,0.503879,0.658005,7.3,7.5,7.6,7.4,7.1,0,0,0.2
7.5,61,61,-9.435,296.358,-4.23,25.1271,0.592451,0.540005,7.3,7.3,7.5,7.6,7.4,0,0,0
7.6,62,62,-8.971,299.152,-4.372,32.0265,0.369895,0.506889,7.5,7.3,7.3,7.5,7.6,0,0,0
7.7,63,63,-9.09,301.952,-4.223,27.2217,0.256626,0.422309,7.6,7.5,7.3,7.3,7.5,0,0,0
7.9,64,64,-13.549,304.754,-4.043,13.4692,0.0852677,0.22844,7.7,7.6,7.5,7.3,7.3,0,0,0
7.6,65,65,-17.739,307.559,-4.285,35.0354,0.310917,0.244355,7.9,7.7,7.6,7.5,7.3,0,0,0
7.3,66,66,-16.165,310.365,-4.946,33.8809,0.406635,0.263939,7.6,7.9,7.7,7.6,7.5,0.1,0,0
7.3,67,67,-15.861,313.171,-4.671,31.1992,0.426081,0.281409,7.3,7.6,7.9,7.7,7.6,1.3,0.1,0
7.2,68,68,-15.512,315.977,-4.655,43.6797,0.509307,0.495836,7.3,7.3,7.6,7.9,7.7,0.1,1.3,0.1
7.4,69,69,-10.621,318.781,-3.6,24.9382,0.420576,0.782502,7.2,7.3,7.3,7.6,7.9,0,0.1,1.3
7.7,70,70,-13.75,321.582,-2.671,47.0978,0.395321,0.419711,7.4,7.2,7.3,7.3,7.6,1.9,0,0.1
7.6,71,71,-12.78,324.379,-3.63,34.5821,0.502806,0.62819,7.7,7.4,7.2,7.3,7.3,0,1.9,0
7.7,72,72,-10.957,327.171,-2.486,19.8951,0.332551,0.43386,7.6,7.7,7.4,7.2,7.3,0,0,1.9
7.9,73,73,-8.154,329.958,-1.857,24.8558,0.34901,0.483038,7.7,7.6,7.7,7.4,7.2,0.2,0,0
8,74,74,-9.374,332.739,-2.165,21.3245,0.357556,0.689388,7.9,7.7,7.6,7.7,7.4,0,0.2,0
8.2,75,75,-8.63,335.512,-1.634,14.0394,0.256293,0.721217,8,7.9,7.7,7.6,7.7,0,0,0.2
8.4,76,76,-8.261,338.276,-0.977,47.7119,0.439442,0.996823,8.2,8,7.9,7.7,7.6,4.4,0,0
8.7,77,77,-8.383,341.031,-0.693,29.178,0.146429,0.840506,8.4,8.2,8,7.9,7.7,6.1,4.4,0
8.9,78,78,-8.443,343.776,-0.738,43.3323,0.0819223,0.525277,8.7,8.4,8.2,8,7.9,0.7,6.1,4.4
9.2,79,79,-11.903,346.51,-1.508,36.4913,0.292539,0.336499,8.9,8.7,8.4,8.2,8,0,0.7,6.1
9.3,80,80,-8.552,349.232,-1.122,21.8303,0.0970311,0.282572,9.2,8.9,8.7,8.4,8.2,2.1,0,0.7
9.3,81,81,-11.159,351.942,-2.077,38.3822,-0.0468578,0.280432,9.3,9.2,8.9,8.7,8.4,0.8,2.1,0
9.2,82,82,-9.016,354.639,-2.433,36.7716,-0.096005,0.306366,9.3,9.3,9.2,8.9,8.7,0,0.8,2.1
9.2,83,83,-7.33,357.322,-2.173,30.6964,0.243271,0.39237,9.2,9.3,9.3,9.2,8.9,0,0,0.8
9.4,84,84,-5.174,359.988,-0.807,29.0808,0.375224,0.453415,9.2,9.2,9.3,9.3,9.2,0,0,0
9.6,85,85,-4.687,362.64,-0.413,30.7315,0.239769,0.423984,9.4,9.2,9.2,9.3,9.3,0,0,0
9.9,86,86,-4.813,365.275,-0.286,16.8044,0.157075,0.42478,9.6,9.4,9.2,9.2,9.3,0,0,0
10.2,87,87,-4.858,367.895,-0.289,35.3445,0.185417,0.561057,9.9,9.6,9.4,9.2,9.2,0,0,0
10.6,88,88,-2.594,370.495,0.177,35.4666,0.335896,0.712459,10.2,9.9,9.6,9.4,9.2,0,0,0
11.2,89,89,-1.906,373.077,0.838,32.316,0.313472,0.694006,10.6,10.2,9.9,9.6,9.4,1.6,0,0
12.7,90,90,-1.681,375.641,0.065,12.5234,0.099833,0.456266,11.2,10.6,10.2,9.9,9.6,0.1,1.6,0
13.8,91,91,-6.559,378.184,0.349,45.6544,0.252868,0.467646,12.7,11.2,10.6,10.2,9.9,5.2,0.1,1.6
15.7,92,92,-3.895,380.708,1.138,34.9921,0.208524,0.759157,13.8,12.7,11.2,10.6,10.2,0,5.2,0.1
18.2,93,93,-6.053,383.211,0.85,29.3109,0.339517,0.851702,15.7,13.8,12.7,11.2,10.6,0,0,5.2
20.5,94,94,-2.399,385.692,1.877,46.4476,0.244115,1.11408,18.2,15.7,13.8,12.7,11.2,1.8,0,0
23.6,95,95,-1.921,388.152,2.22,43.8814,0.0521738,1.1525,20.5,18.2,15.7,13.8,12.7,0.6,1.8,0
24.7,96,96,-5.68,390.588,0.855,39.6533,0.271398,0.785382,23.6,20.5,18.2,15.7,13.8,4.5,0.6,1.8
26.2,97,97,-4.145,393.003,1.46,54.025,0.302454,0.806861,24.7,23.6,20.5,18.2,15.7,1,4.5,0.6
27.3,98,98,-2.432,395.393,0.802,38.3063,0.184739,0.831502,26.2,24.7,23.6,20.5,18.2,0,1,4.5
26.8,99,99,-3.623,397.759,0.373,29.1534,-0.0584756,0.708576,27.3,26.2,24.7,23.6,20.5,0,0,1
25.6,100,100,-8.298,400.101,-0.158,47.7643,0.166407,0.549439,26.8,27.3,26.2,24.7,23.6,0.1,0,0
24.4,101,101,-5.285,402.417,-0.208,41.9198,-0.235223,0.700018,25.6,26.8,27.3,26.2,24.7,0,0.1,0
23.2,102,102,-7.412,404.709,-0.224,21.2494,-0.0100766,0.422277,24.4,25.6,26.8,27.3,26.2,0,0,0.1
21.6,103,103,-12.119,406.975,-0.269,49.2941,0.182741,0.432686,23.2,24.4,25.6,26.8,27.3,1.6,0,0
21.5,104,104,-5.178,409.214,-0.301,53.0143,0.338476,0.837804,21.6,23.2,24.4,25.6,26.8,0,1.6,0
22.3,105,105,-0.44,411.427,1.075,53.8623,0.244845,1.26985,21.5,21.6,23.2,24.4,25.6,0,0,1.6
23.4,106,106,2.879,413.612,3.63,48.5098,-0.0514488,1.57814,22.3,21.5,21.6,23.2,24.4,0,0,0
23.8,107,107,-1.42,415.77,1.782,17.0003,0.517158,0.83441,23.4,22.3,21.5,21.6,23.2,0,0,0
23.2,108,108,-3.985,417.9,2.501,57.3183,0.402765,0.963529,23.8,23.4,22.3,21.5,21.6,1.2,0,0
23.3,109,109,-0.109,420.003,2.402,42.7919,0.439412,1.34073,23.2,23.8,23.4,22.3,21.5,0,1.2,0
23.2,110,110,-0.14,422.076,3.794,43.2228,0.569124,1.10398,23.3,23.2,23.8,23.4,22.3,0,0,1.2
23.2,111,111,0.735,424.121,4.185,37.0383,0.58531,1.11812,23.2,23.3,23.2,23.8,23.4,0,0,0
23.2,112,112,-1.908,426.137,3.017,58.6584,0.446364,0.777144,23.2,23.2,23.3,23.2,23.8,5.8,0,0
23.4,113,113,-5.062,428.123,1.153,59.8226,0.450333,0.599231,23.2,23.2,23.2,23.3,23.2,3.8,5.8,0
23.6,114,114,-5.008,430.079,1.644,68.0883,0.649377,0.745631,23.4,23.2,23.2,23.2,23.3,0,3.8,5.8
23.6,115,115,-1.714,432.006,3.643,60.6965,0.452857,0.9478,23.6,23.4,23.2,23.2,23.2,0.1,0,3.8
23.8,116,116,0.24,433.902,3.92,37.8831,0.136515,0.828374,23.6,23.6,23.4,23.2,23.2,4.1,0.1,0
24.2,117,117,-0.517,435.767,4.298,53.3698,0.101088,0.869276,23.8,23.6,23.6,23.4,23.2,2,4.1,0.1
24.7,118,118,-2.626,437.602,3.02,64.4512,3.72E-06,0.736602,24.2,23.8,23.6,23.6,23.4,4.6,2,4.1
24.9,119,119,-4.677,439.405,2.784,70.4949,0.411305,0.784755,24.7,24.2,23.8,23.6,23.6,0,4.6,2
24.7,120,120,-3.846,441.178,4.101,83.621,0.3012,0.917831,24.9,24.7,24.2,23.8,23.6,0,0,4.6
24.4,121,121,-1.324,442.919,4.968,66.2222,0.589637,1.05896,24.7,24.9,24.7,24.2,23.8,0,0,0
24.1,122,122,0.735,444.628,5.562,61.5536,0.501525,1.28866,24.4,24.7,24.9,24.7,24.2,0,0,0
23.8,123,123,-1.34,446.306,5.892,64.7101,0.650286,1.23172,24.1,24.4,24.7,24.9,24.7,0,0,0
23.5,124,124,0.777,447.951,5.448,30.9248,0.534985,0.95075,23.8,24.1,24.4,24.7,24.9,0.6,0,0
23.4,125,125,0.348,449.564,3.636,32.554,0.330977,0.647726,23.5,23.8,24.1,24.4,24.7,3.7,0.6,0
23.8,126,126,-2.486,451.144,3.214,72.2159,0.643048,0.871519,23.4,23.5,23.8,24.1,24.4,5.1,3.7,0.6
24.3,127,127,-3.361,452.692,2.815,33.9335,1.16322,0.927753,23.8,23.4,23.5,23.8,24.1,0,5.1,3.7
24.2,128,128,-1.943,454.207,2.725,31.169,0.937636,0.897806,24.3,23.8,23.4,23.5,23.8,0.6,0,5.1
24.2,129,129,-4.22,455.69,3.457,75.6682,0.549072,0.930473,24.2,24.3,23.8,23.4,23.5,4.2,0.6,0
24.4,130,130,-3.789,457.139,4.173,72.4377,0.768118,1.14156,24.2,24.2,24.3,23.8,23.4,0,4.2,0.6
24.2,131,131,-2.044,458.555,4.753,69.6951,0.716711,1.28347,24.4,24.2,24.2,24.3,23.8,0,0,4.2
23.9,132,132,-1.768,459.937,4.339,40.8526,0.935004,1.17789,24.2,24.4,24.2,24.2,24.3,4.6,0,0
24.7,133,133,-2.47,461.286,2.27,48.3593,0.555248,0.849668,23.9,24.2,24.4,24.2,24.2,6.7,4.6,0
26.5,134,134,-1.494,462.602,2.023,36.8457,1.2999,0.883069,24.7,23.9,24.2,24.4,24.2,2,6.7,4.6
26.6,135,135,-0.394,463.884,3.626,66.5573,1.33198,1.08747,26.5,24.7,23.9,24.2,24.4,1.9,2,6.7
26.5,136,136,-2.933,465.131,3.853,80.3933,1.27531,1.0192,26.6,26.5,24.7,23.9,24.2,0.9,1.9,2
26.5,137,137,-1.603,466.345,3.583,43.692,1.10326,0.919277,26.5,26.6,26.5,24.7,23.9,3.3,0.9,1.9
26.4,138,138,-4.008,467.524,4.083,72.0622,1.20124,0.979586,26.5,26.5,26.6,26.5,24.7,0,3.3,0.9
26,139,139,-3.039,468.671,4.493,70.135,1.46401,1.1881,26.4,26.5,26.5,26.6,26.5,0,0,3.3
25.6,140,140,0.208,469.782,5.366,45.0657,1.1234,1.23057,26,26.4,26.5,26.5,26.6,3.1,0,0
25.5,141,141,-3.82,470.859,4.368,65.447,1.07537,1.18562,25.6,26,26.4,26.5,26.5,0.2,3.1,0
25.3,142,142,-1.824,471.901,2.164,20.9957,0.847963,0.88413,25.5,25.6,26,26.4,26.5,7.9,0.2,3.1
25.9,143,143,-3.141,472.91,3.585,73.9656,1.21188,1.07294,25.3,25.5,25.6,26,26.4,0,7.9,0.2
26,144,144,-2.317,473.884,5.071,77.2771,1.29404,1.37844,25.9,25.3,25.5,25.6,26,0.1,0,7.9
25.7,145,145,1.35,474.822,5.038,34.49,1.18527,1.4441,26,25.9,25.3,25.5,25.6,0,0.1,0
25.4,146,146,0.642,475.727,6.594,77.3891,1.63312,1.67868,25.7,26,25.9,25.3,25.5,2.5,0,0.1
25.3,147,147,1.042,476.598,7.186,114.632,1.07018,1.67745,25.4,25.7,26,25.9,25.3,0.8,2.5,0
24.9,148,148,1.489,477.432,8.355,99.812,1.81809,1.70603,25.3,25.4,25.7,26,25.9,0,0.8,2.5
24.4,149,149,5.64,478.233,9.293,61.7614,1.84594,1.83726,24.9,25.3,25.4,25.7,26,0.3,0,0.8
24.1,150,150,5.826,478.997,8.961,45.6292,1.53662,1.84586,24.4,24.9,25.3,25.4,25.7,4.2,0.3,0
24.2,151,151,3.592,479.728,8.573,107.361,1.52031,1.92983,24.1,24.4,24.9,25.3,25.4,0,4.2,0.3
24.1,152,152,4.657,480.424,10.083,89.899,1.65779,1.89606,24.2,24.1,24.4,24.9,25.3,0,0,4.2
23.5,153,153,1.277,481.084,9.599,107.335,1.89794,1.84417,24.1,24.2,24.1,24.4,24.9,0,0,0
23,154,154,0.849,481.71,9.843,85.7165,2.94897,1.7236,23.5,24.1,24.2,24.1,24.4,0,0,0
22.7,155,155,2.239,482.3,8.848,52.1575,2.67491,1.66853,23,23.5,24.1,24.2,24.1,0,0,0
22.5,156,156,2.482,482.856,8.152,51.7061,3.1554,1.63711,22.7,23,23.5,24.1,24.2,1.2,0,0
22.5,157,157,2.542,483.377,8.378,81.167,3.65031,1.93923,22.5,22.7,23,23.5,24.1,0.3,1.2,0
22.9,158,158,4.197,483.862,7.364,10.6524,1.92089,1.79085,22.5,22.5,22.7,23,23.5,16.9,0.3,1.2
25.6,159,159,3.639,484.312,8.226,85.1955,3.71325,2.41333,22.9,22.5,22.5,22.7,23,0,16.9,0.3
25.8,160,160,3.162,484.727,8.505,70.8972,4.07994,2.14417,25.6,22.9,22.5,22.5,22.7,0.6,0,16.9
25.9,161,161,1.84,485.107,7.472,36.1164,3.02314,1.63164,25.8,25.6,22.9,22.5,22.5,5.8,0.6,0
26.3,162,162,0.875,485.452,7.518,107.32,4.66155,1.7206,25.9,25.8,25.6,22.9,22.5,0,5.8,0.6
26,163,163,0.896,485.762,8.333,117.04,4.58204,1.80401,26.3,25.9,25.8,25.6,22.9,0,0,5.8
25.3,164,164,-1.707,486.036,9.623,122.173,4.26815,1.91534,26,26.3,25.9,25.8,25.6,0,0,0
24.6,165,165,0.847,486.276,10.542,116.098,4.29312,2.38241,25.3,26,26.3,25.9,25.8,0,0,0
23.9,166,166,1.696,486.481,11.216,118.048,4.3161,2.96613,24.6,25.3,26,26.3,25.9,0.7,0,0
23.5,167,167,2.05,486.65,10.352,63.9771,3.32525,3.31667,23.9,24.6,25.3,26,26.3,6.4,0.7,0
23.7,168,168,1.545,486.784,9.453,86.2651,4.21195,3.78774,23.5,23.9,24.6,25.3,26,0.1,6.4,0.7
23.8,169,169,3.141,486.883,10.841,110.403,4.26371,3.63153,23.7,23.5,23.9,24.6,25.3,0,0.1,6.4
23.4,170,170,1.669,486.947,11.188,102.849,4.50563,2.30021,23.8,23.7,23.5,23.9,24.6,0,0,0.1
23,171,171,2.605,486.977,11.002,103.72,4.6115,2.16955,23.4,23.8,23.7,23.5,23.9,0,0,0
22.8,172,172,5.156,486.971,9.46,34.5374,2.467,2.79404,23,23.4,23.8,23.7,23.5,6.3,0,0
23.4,173,173,3.431,486.93,10.033,129.856,5.63964,3.52527,22.8,23,23.4,23.8,23.7,0,6.3,0
23.3,174,174,5.745,486.854,12.206,115.711,5.39371,3.68166,23.4,22.8,23,23.4,23.8,0.1,0,6.3
23,175,175,7.339,486.744,13.694,118.464,5.65225,3.38682,23.3,23.4,22.8,23,23.4,8.5,0.1,0
25.1,176,176,3.076,486.599,10.876,79.7846,4.98717,1.81902,23,23.3,23.4,22.8,23,11.3,8.5,0.1
26.3,177,177,1.538,486.419,9.866,88.9414,5.37475,1.83785,25.1,23,23.3,23.4,22.8,2.7,11.3,8.5
26.2,178,178,0.888,486.204,9.789,122.478,5.7034,2.81209,26.3,25.1,23,23.3,23.4,2.1,2.7,11.3
25.9,179,179,4.292,485.955,10.584,77.465,5.7695,3.23341,26.2,26.3,25.1,23,23.3,7.4,2.1,2.7
26.8,180,180,2.354,485.67,10.129,100.337,5.44837,3.66649,25.9,26.2,26.3,25.1,23,1.1,7.4,2.1
26.5,181,181,2.858,485.351,10.462,130.439,6.24535,3.90131,26.8,25.9,26.2,26.3,25.1,0,1.1,7.4
25.7,182,182,6.511,484.998,11.059,86.0825,5.16182,3.06007,26.5,26.8,25.9,26.2,26.3,0.5,0,1.1
25.7,183,183,2.393,484.611,10.564,80.7196,4.65495,3.41964,25.7,26.5,26.8,25.9,26.2,2.4,0.5,0
25.4,184,184,5.444,484.189,10.294,107.068,5.34229,6.04387,25.7,25.7,26.5,26.8,25.9,0.7,2.4,0.5
25.2,185,185,2.968,483.732,10.113,87.8694,5.39494,6.26737,25.4,25.7,25.7,26.5,26.8,7.3,0.7,2.4
25.2,186,186,0.003,483.241,10.074,123.612,6.01861,5.35546,25.2,25.4,25.7,25.7,26.5,1.5,7.3,0.7
24.9,187,187,3.049,482.717,10.56,135.753,6.45813,5.05643,25.2,25.2,25.4,25.7,25.7,0.2,1.5,7.3
24.7,188,188,4.368,482.157,11.196,68.4627,5.73287,4.19552,24.9,25.2,25.2,25.4,25.7,4.1,0.2,1.5
24.6,189,189,1.346,481.565,10.458,122.424,6.10797,3.77528,24.7,24.9,25.2,25.2,25.4,0.2,4.1,0.2
24.2,190,190,1.694,480.938,10.079,94.0526,5.63335,3.5135,24.6,24.7,24.9,25.2,25.2,1.9,0.2,4.1
24.2,191,191,3.706,480.277,9.143,49.2827,4.41209,3.40057,24.2,24.6,24.7,24.9,25.2,8.4,1.9,0.2
25.2,192,192,5.256,479.583,9.538,59.455,4.89049,3.82517,24.2,24.2,24.6,24.7,24.9,0.9,8.4,1.9
25.3,193,193,2.339,478.855,7.956,37.374,4.7398,4.10707,25.2,24.2,24.2,24.6,24.7,2.3,0.9,8.4
25.5,194,194,5.036,478.094,11.005,107.967,6.97856,6.33061,25.3,25.2,24.2,24.2,24.6,1.5,2.3,0.9
25.4,195,195,3.181,477.298,9.963,49.3931,5.80116,5.59215,25.5,25.3,25.2,24.2,24.2,3.7,1.5,2.3
25.7,196,196,6.503,476.471,10.66,53.862,5.18139,5.10517,25.4,25.5,25.3,25.2,24.2,2.9,3.7,1.5
25.9,197,197,2.798,475.609,10.202,90.1089,6.60692,4.46179,25.7,25.4,25.5,25.3,25.2,1.3,2.9,3.7
25.8,198,198,2.402,474.714,10.641,134.801,7.38566,5.32964,25.9,25.7,25.4,25.5,25.3,0.1,1.3,2.9
25.3,199,199,6.378,473.787,11.438,57.3669,6.05729,5.22644,25.8,25.9,25.7,25.4,25.5,0.9,0.1,1.3
25.3,200,200,4.324,472.826,11.657,106.965,7.66166,4.87031,25.3,25.8,25.9,25.7,25.4,5.9,0.9,0.1
25.3,201,201,1.221,471.832,9.978,79.4112,6.24891,4.22012,25.3,25.3,25.8,25.9,25.7,3.7,5.9,0.9
25.3,202,202,2.07,470.806,9.034,83.6181,6.70182,4.15063,25.3,25.3,25.3,25.8,25.9,0.3,3.7,5.9
25.1,203,203,2.246,469.748,9.712,71.6509,8.00302,4.45834,25.3,25.3,25.3,25.3,25.8,0.1,0.3,3.7
24.6,204,204,1.66,468.656,9.89,90.3859,6.50932,5.46771,25.1,25.3,25.3,25.3,25.3,0.7,0.1,0.3
24.1,205,205,3.411,467.534,11.702,125.868,7.10546,6.55248,24.6,25.1,25.3,25.3,25.3,1.7,0.7,0.1
23.7,206,206,9.06,466.378,13.972,121.384,7.19972,7.8599,24.1,24.6,25.1,25.3,25.3,0.9,1.7,0.7
23.5,207,207,9.5,465.19,12.047,30.2956,3.51428,7.30362,23.7,24.1,24.6,25.1,25.3,7.6,0.9,1.7
24.1,208,208,7.735,463.97,14.036,132.778,7.78175,6.95153,23.5,23.7,24.1,24.6,25.1,0,7.6,0.9
24,209,209,7.787,462.72,15.453,130.933,8.02281,6.74834,24.1,23.5,23.7,24.1,24.6,0,0,7.6
23.5,210,210,6.176,461.438,12.962,36.7415,5.0742,6.03276,24,24.1,23.5,23.7,24.1,6.1,0,0
27.7,211,211,8.091,460.124,10.778,24.6956,3.49851,6.26247,23.5,24,24.1,23.5,23.7,24.7,6.1,0
30,212,212,5.843,458.778,11.053,65.2829,7.30575,6.94381,27.7,23.5,24,24.1,23.5,0.6,24.7,6.1
29.2,213,213,6.916,457.401,12.637,91.6992,7.44424,7.28763,30,27.7,23.5,24,24.1,5.9,0.6,24.7
29,214,214,5.199,455.994,12.316,99.7424,7.85428,6.75697,29.2,30,27.7,23.5,24,1.4,5.9,0.6
28.3,215,215,3.592,454.555,12.523,115.942,7.52936,6.91627,29,29.2,30,27.7,23.5,0.1,1.4,5.9
27.6,216,216,5.955,453.087,13.333,92.4868,7.79127,7.71464,28.3,29,29.2,30,27.7,0,0.1,1.4
26.8,217,217,7.691,451.588,14.553,100.587,7.70944,8.22557,27.6,28.3,29,29.2,30,3.9,0,0.1
26.4,218,218,9.926,450.059,15.852,103.518,8.19043,8.68456,26.8,27.6,28.3,29,29.2,2.6,3.9,0
26.9,219,219,8.902,448.499,14.694,59.3362,5.94391,8.13568,26.4,26.8,27.6,28.3,29,9.6,2.6,3.9
27.8,220,220,5.251,446.91,13.276,112.389,8.08094,7.19343,26.9,26.4,26.8,27.6,28.3,4.6,9.6,2.6
32.3,221,221,7.296,445.291,11.883,24.4729,2.51869,5.88402,27.8,26.9,26.4,26.8,27.6,31.1,4.6,9.6
31,222,222,3.44,443.643,10.635,62.343,6.87563,4.5008,32.3,27.8,26.9,26.4,26.8,1.5,31.1,4.6
29.7,223,223,4.093,441.965,10.436,48.7682,6.78015,4.35398,31,32.3,27.8,26.9,26.4,0.2,1.5,31.1
28.9,224,224,5.827,440.258,11.087,90.8678,7.09315,4.80448,29.7,31,32.3,27.8,26.9,2.1,0.2,1.5
28.4,225,225,6.171,438.523,12.618,109.375,7.03394,5.00855,28.9,29.7,31,32.3,27.8,0.8,2.1,0.2
28,226,226,6.039,436.759,11.803,71.7815,6.36893,4.88971,28.4,28.9,29.7,31,32.3,6.2,0.8,2.1
28.3,227,227,1.037,434.967,10.766,113.981,7.06968,4.21505,28,28.4,28.9,29.7,31,0.1,6.2,0.8
27.6,228,228,2.655,433.145,11.913,107.153,6.91231,3.40704,28.3,28,28.4,28.9,29.7,1.6,0.1,6.2
26.9,229,229,1.509,431.298,11.076,86.5278,6.579,3.19254,27.6,28.3,28,28.4,28.9,0.2,1.6,0.1
26.2,230,230,2.819,429.422,11.672,122.158,7.48251,4.10161,26.9,27.6,28.3,28,28.4,0,0.2,1.6
25.3,231,231,2.503,427.518,12.291,104.216,8.10188,5.02284,26.2,26.9,27.6,28.3,28,0,0,0.2
24.6,232,232,8.158,425.587,13.235,85.38,7.10566,6.28853,25.3,26.2,26.9,27.6,28.3,2.4,0,0
25.4,233,233,6.465,423.631,13.098,84.8525,7.03672,6.68366,24.6,25.3,26.2,26.9,27.6,11.8,2.4,0
26.2,234,234,8.122,421.647,13.999,98.1189,6.82939,7.6476,25.4,24.6,25.3,26.2,26.9,0.1,11.8,2.4
25.8,235,235,9.421,419.637,14.865,85.257,6.34772,7.43341,26.2,25.4,24.6,25.3,26.2,0.2,0.1,11.8
25.3,236,236,9.125,417.602,14.105,55.9846,5.41451,5.90367,25.8,26.2,25.4,24.6,25.3,4.1,0.2,0.1
25.7,237,237,7.206,415.54,12.437,35.5772,5.13317,4.56137,25.3,25.8,26.2,25.4,24.6,8.1,4.1,0.2
27.2,238,238,4.224,413.454,12.054,134.271,6.88011,4.28086,25.7,25.3,25.8,26.2,25.4,0.5,8.1,4.1
26.7,239,239,4.227,411.342,12.171,73.0595,6.08369,3.87775,27.2,25.7,25.3,25.8,26.2,2.9,0.5,8.1
26.4,240,240,7.3,409.206,12.325,48.6281,4.38318,4.07594,26.7,27.2,25.7,25.3,25.8,2.7,2.9,0.5
30.8,241,241,5.791,407.045,11.792,86.8847,6.29088,3.62097,26.4,26.7,27.2,25.7,25.3,18,2.7,2.9
30,242,242,5.933,404.86,11.637,54.621,5.11099,2.6291,30.8,26.4,26.7,27.2,25.7,8.2,18,2.7
31.9,243,243,3.594,402.652,9.05,28.2058,3.20478,2.45852,30,30.8,26.4,26.7,27.2,17.4,8.2,18
30.6,244,244,1.812,400.422,9.064,94.4082,5.67974,3.8983,31.9,30,30.8,26.4,26.7,0.6,17.4,8.2
29.5,245,245,1.567,398.168,10.971,86.9643,5.18083,4.71419,30.6,31.9,30,30.8,26.4,0,0.6,17.4
28.8,246,246,1.432,395.892,8.872,29.1048,3.54887,4.76788,29.5,30.6,31.9,30,30.8,6.4,0,0.6
29,247,247,-1.428,393.593,7.597,89.5838,5.28102,4.32263,28.8,29.5,30.6,31.9,30,0.1,6.4,0
28.4,248,248,0.768,391.272,8.268,44.0559,4.18814,3.07248,29,28.8,29.5,30.6,31.9,1,0.1,6.4
28,249,249,0.909,388.932,8.724,62.4824,5.29604,2.41083,28.4,29,28.8,29.5,30.6,0,1,0.1
27.5,250,250,-0.378,386.57,7.888,69.1025,4.3143,2.29135,28,28.4,29,28.8,29.5,2,0,1
27.1,251,251,-0.807,384.188,7.887,75.6118,4.56534,2.54756,27.5,28,28.4,29,28.8,0.6,2,0
26.6,252,252,-1.699,381.787,7.728,86.4438,4.75892,3.21901,27.1,27.5,28,28.4,29,0.1,0.6,2
26.1,253,253,-0.4,379.365,8.586,91.4971,4.36186,3.89883,26.6,27.1,27.5,28,28.4,0.1,0.1,0.6
25.4,254,254,1.595,376.925,9.219,61.9043,4.62336,4.39558,26.1,26.6,27.1,27.5,28,0.4,0.1,0.1
24.9,255,255,0.623,374.466,9.12,79.147,4.31821,4.60596,25.4,26.1,26.6,27.1,27.5,0.1,0.4,0.1
24.3,256,256,1.048,371.991,9.97,79.4711,4.18888,4.62311,24.9,25.4,26.1,26.6,27.1,0,0.1,0.4
23.7,257,257,2.502,369.498,10.546,83.5728,4.06843,4.63412,24.3,24.9,25.4,26.1,26.6,0,0,0.1
23.2,258,258,4.429,366.987,10.897,85.8932,3.66527,4.63888,23.7,24.3,24.9,25.4,26.1,0,0,0
23.5,259,259,5.293,364.461,11.407,62.003,3.59714,4.40219,23.2,23.7,24.3,24.9,25.4,26.3,0,0
30.8,260,260,4.717,361.919,10.926,66.6345,3.32956,4.2086,23.5,23.2,23.7,24.3,24.9,14.5,26.3,0
31.3,261,261,4.461,359.362,10.083,25.1189,2.08509,4.01082,30.8,23.5,23.2,23.7,24.3,12.2,14.5,26.3
31.4,262,262,0.338,356.791,7.897,46.8814,3.18308,3.64038,31.3,30.8,23.5,23.2,23.7,7.2,12.2,14.5
30.5,263,263,0.029,354.206,8.117,80.6511,3.55465,3.66077,31.4,31.3,30.8,23.5,23.2,0.1,7.2,12.2
29.4,264,264,-1.051,351.608,7.441,57.7757,3.03369,3.51135,30.5,31.4,31.3,30.8,23.5,0.4,0.1,7.2
28.7,265,265,-0.726,348.996,7.403,67.474,2.85936,3.38465,29.4,30.5,31.4,31.3,30.8,0.1,0.4,0.1
28.1,266,266,-2.732,346.374,6.77,60.7621,3.04277,3.27638,28.7,29.4,30.5,31.4,31.3,0,0.1,0.4
27.4,267,267,0.168,343.741,7.026,56.6027,3.46865,3.32954,28.1,28.7,29.4,30.5,31.4,0,0,0.1
26.9,268,268,5.051,341.097,9.101,50.2873,3.06329,3.37881,27.4,28.1,28.7,29.4,30.5,4.4,0,0
26.8,269,269,1.961,338.443,8.434,70.4795,2.69028,3.14447,26.9,27.4,28.1,28.7,29.4,5.3,4.4,0
27.4,270,270,3.92,335.779,8.685,30.4201,1.92391,3.03236,26.8,26.9,27.4,28.1,28.7,0.8,5.3,4.4
27.5,271,271,4.431,333.108,9.962,77.0328,2.23367,3.09558,27.4,26.8,26.9,27.4,28.1,7,0.8,5.3
28.7,272,272,0.913,330.43,6.912,9.89572,1.51515,2.53752,27.5,27.4,26.8,26.9,27.4,3.8,7,0.8
29.1,273,273,0.067,327.744,5.437,15.2252,1.32122,2.42355,28.7,27.5,27.4,26.8,26.9,0.9,3.8,7
29.1,274,274,0.235,325.052,5.481,32.6994,1.80186,2.39436,29.1,28.7,27.5,27.4,26.8,2.9,0.9,3.8
29.1,275,275,-0.2,322.355,5.591,32.3982,1.84546,2.25746,29.1,29.1,28.7,27.5,27.4,3.1,2.9,0.9
29,276,276,0.185,319.654,6.321,39.1004,1.94038,2.25443,29.1,29.1,29.1,28.7,27.5,0.3,3.1,2.9
28.7,277,277,-0.854,316.95,5.95,41.5164,1.99627,2.04419,29,29.1,29.1,29.1,28.7,2.6,0.3,3.1
28.5,278,278,-1.779,314.243,6.316,41.62,1.83821,1.98293,28.7,29,29.1,29.1,29.1,0,2.6,0.3
28.1,279,279,-4.837,311.533,4.488,47.7602,1.59563,1.92968,28.5,28.7,29,29.1,29.1,0,0,2.6
27.6,280,280,-3.374,308.823,4.261,49.1652,1.67894,2.09845,28.1,28.5,28.7,29,29.1,0,0,0
27.2,281,281,-2.396,306.113,4.238,33.615,1.65098,1.94682,27.6,28.1,28.5,28.7,29,0,0,0
26.8,282,282,1.672,303.404,5.487,33.547,1.58463,1.68717,27.2,27.6,28.1,28.5,28.7,0,0,0
26.5,283,283,0.574,300.697,5.619,18.4642,0.999148,1.44104,26.8,27.2,27.6,28.1,28.5,0.2,0,0
26.4,284,284,-2.409,297.992,3.832,12.584,0.823843,1.3237,26.5,26.8,27.2,27.6,28.1,2.7,0.2,0
26.6,285,285,-2.619,295.291,2.979,15.8821,1.04298,1.54076,26.4,26.5,26.8,27.2,27.6,1.6,2.7,0.2
26.8,286,286,-1.844,292.595,4.269,42.7237,1.11126,2.15656,26.6,26.4,26.5,26.8,27.2,1.6,1.6,2.7
26.9,287,287,-0.161,289.905,5.32,35.8271,1.22056,2.43186,26.8,26.6,26.4,26.5,26.8,0,1.6,1.6
26.8,288,288,-3.237,287.221,4.828,38.3337,1.04905,2.06081,26.9,26.8,26.6,26.4,26.5,0,0,1.6
26.5,289,289,-3.389,284.544,4.115,30.1159,1.05882,1.74786,26.8,26.9,26.8,26.6,26.4,0,0,0
26.3,290,290,-0.447,281.876,5.079,26.4644,1.05094,1.57128,26.5,26.8,26.9,26.8,26.6,0,0,0
26,291,291,-1.089,279.218,5.556,31.1583,0.898924,1.45564,26.3,26.5,26.8,26.9,26.8,0,0,0
25.8,292,292,-6.921,276.572,3.936,34.2663,0.667453,1.25706,26,26.3,26.5,26.8,26.9,0.5,0,0
25.6,293,293,-7.918,273.936,1.566,29.0009,0.851852,1.4057,25.8,26,26.3,26.5,26.8,0,0.5,0
25.4,294,294,-8.373,271.314,1.266,22.4644,1.01799,1.41886,25.6,25.8,26,26.3,26.5,0,0,0.5
25.2,295,295,-8.284,268.705,1.071,15.5309,1.04473,1.39297,25.4,25.6,25.8,26,26.3,0,0,0
25.1,296,296,-5.428,266.111,1.244,22.6748,0.902199,1.39495,25.2,25.4,25.6,25.8,26,0,0,0
25,297,297,-5.257,263.532,1.757,13.9851,0.790271,1.2784,25.1,25.2,25.4,25.6,25.8,0,0,0
24.9,298,298,-7.153,260.972,2.261,30.2148,0.791163,1.12138,25,25.1,25.2,25.4,25.6,1.2,0,0
24.9,299,299,-6.559,258.43,0.973,25.5602,0.766868,1.0381,24.9,25,25.1,25.2,25.4,0,1.2,0
24.7,300,300,-7.934,255.906,0.764,16.3594,0.828799,0.893585,24.9,24.9,25,25.1,25.2,0,0,1.2
24.6,301,301,-5.378,253.403,0.435,9.14273,0.46533,0.829861,24.7,24.9,24.9,25,25.1,0,0,0
24.6,302,302,-2.723,250.922,0.662,26.5883,0.585668,0.899123,24.6,24.7,24.9,24.9,25,0,0,0
24.5,303,303,-8.283,248.462,0.323,19.1974,0.698197,0.829111,24.6,24.6,24.7,24.9,24.9,0,0,0
24.3,304,304,-8.979,246.027,0.146,16.6896,0.7817,0.855208,24.5,24.6,24.6,24.7,24.9,0,0,0
24.1,305,305,-6.174,243.616,0.075,19.1759,0.602432,0.93065,24.3,24.5,24.6,24.6,24.7,0,0,0
24,306,306,-7.709,241.23,0.005,15.6532,0.627358,0.868591,24.1,24.3,24.5,24.6,24.6,0,0,0
23.9,307,307,-8.648,238.872,-0.08,9.31774,0.436941,0.827116,24,24.1,24.3,24.5,24.6,0,0,0
23.8,308,308,-4.769,236.542,-0.149,13.1605,0.571495,0.877048,23.9,24,24.1,24.3,24.5,0,0,0
23.7,309,309,-5.297,234.241,-0.147,13.6796,0.472382,0.835771,23.8,23.9,24,24.1,24.3,0,0,0
23.7,310,310,-3.703,231.969,-0.105,5.46896,0.202189,0.748427,23.7,23.8,23.9,24,24.1,0,0,0
23.7,311,311,-4.993,229.729,-0.103,17.512,0.45161,0.635983,23.7,23.7,23.8,23.9,24,2,0,0
23.9,312,312,-6.206,227.521,-0.091,12.7995,0.267622,0.5105,23.7,23.7,23.7,23.8,23.9,0.5,2,0
24,313,313,-7.952,225.346,-0.089,15.5769,0.339939,0.476925,23.9,23.7,23.7,23.7,23.8,0.3,0.5,2
23.9,314,314,-10.605,223.205,-0.348,15.203,0.489353,0.487074,24,23.9,23.7,23.7,23.7,0,0.3,0.5
23.6,315,315,-12.005,221.1,-0.284,20.2299,0.396891,0.45115,23.9,24,23.9,23.7,23.7,3.9,0,0.3
23.5,316,316,-15.75,219.03,-0.372,14.2995,0.524743,0.416446,23.6,23.9,24,23.9,23.7,0.1,3.9,0
23,317,317,-12.617,216.998,-0.559,17.4411,0.547358,0.478671,23.5,23.6,23.9,24,23.9,0,0.1,3.9
22.5,318,318,-9.017,215.004,-0.777,15.9371,0.500256,0.507837,23,23.5,23.6,23.9,24,0,0,0.1
22.3,319,319,-7.548,213.049,-0.821,11.444,0.488205,0.521682,22.5,23,23.5,23.6,23.9,0,0,0
22.3,320,320,-5.974,211.135,-0.441,12.6726,0.302513,0.578222,22.3,22.5,23,23.5,23.6,0,0,0
22.4,321,321,-7.81,209.261,-0.795,12.8037,0.476285,0.818723,22.3,22.3,22.5,23,23.5,0,0,0
22.4,322,322,-8.081,207.43,-0.844,9.75401,0.48798,1.2956,22.4,22.3,22.3,22.5,23,0,0,0
22.4,323,323,-6.222,205.641,-0.513,9.9733,0.204136,1.50959,22.4,22.4,22.3,22.3,22.5,3.8,0,0
22.4,324,324,-10.016,203.896,-0.745,21.9225,0.479426,1.35351,22.4,22.4,22.4,22.3,22.3,0,3.8,0
22,325,325,-15.304,202.196,-1.687,12.0604,0.487331,1.12679,22.4,22.4,22.4,22.4,22.3,0,0,3.8
21.1,326,326,-14.281,200.54,-2.143,10.8676,0.430798,1.20529,22,22.4,22.4,22.4,22.4,0,0,0
20.4,327,327,-12.036,198.931,-2.175,13.7988,0.474667,1.39859,21.1,22,22.4,22.4,22.4,0,0,0
19.7,328,328,-13.114,197.37,-2.826,11.0769,0.429543,1.45372,20.4,21.1,22,22.4,22.4,0,0,0
18.9,329,329,-13.357,195.855,-3.06,10.9896,0.275978,1.40827,19.7,20.4,21.1,22,22.4,0,0,0
16.8,330,330,-17.799,194.389,-4.005,9.30454,0.467692,1.19514,18.9,19.7,20.4,21.1,22,0,0,0
12.7,331,331,-15.917,192.973,-4.138,9.10767,0.364597,1.20402,16.8,18.9,19.7,20.4,21.1,0,0,0
10.9,332,332,-15.84,191.607,-4.044,11.5434,0.478736,1.12629,12.7,16.8,18.9,19.7,20.4,0.1,0,0
9.7,333,333,-16.866,190.291,-5.04,9.43923,0.481676,1.15312,10.9,12.7,16.8,18.9,19.7,0.1,0.1,0
9.3,334,334,-13.932,189.026,-4.806,9.13892,0.412724,1.20927,9.7,10.9,12.7,16.8,18.9,0,0.1,0.1
9,335,335,-15.276,187.813,-4.769,6.98645,0.501553,1.07088,9.3,9.7,10.9,12.7,16.8,0,0,0.1
8.7,336,336,-14.994,186.652,-5.034,8.91736,0.514708,1.06388,9,9.3,9.7,10.9,12.7,0,0,0
8.6,337,337,-13.326,185.546,-4.805,6.43646,0.489144,1.07071,8.7,9,9.3,9.7,10.9,0,0,0
8.7,338,338,-11.87,184.491,-4.153,7.72493,0.238429,1.04644,8.6,8.7,9,9.3,9.7,0,0,0
8.4,339,339,-15.557,183.492,-5.441,8.21263,0.458603,0.879853,8.7,8.6,8.7,9,9.3,0,0,0
8.1,340,340,-18.671,182.547,-6.066,7.26888,0.469303,0.732485,8.4,8.7,8.6,8.7,9,0,0,0
8,341,341,-16.785,181.658,-5.844,5.44198,0.535889,0.744186,8.1,8.4,8.7,8.6,8.7,0,0,0
8,342,342,-18.243,180.823,-5.799,6.28644,0.53778,0.671512,8,8.1,8.4,8.7,8.6,0,0,0
7.9,343,343,-13.728,180.045,-5.438,7.49279,0.52362,0.748268,8,8,8.1,8.4,8.7,0,0,0
7.8,344,344,-17.284,179.323,-5.919,6.40818,0.503079,0.638159,7.9,8,8,8.1,8.4,0,0,0
7.7,345,345,-17.948,178.657,-6.136,4.61151,0.565407,0.581509,7.8,7.9,8,8,8.1,0,0,0
7.7,346,346,-14.256,178.049,-5.735,6.8366,0.525924,0.623713,7.7,7.8,7.9,8,8,0,0,0
7.7,347,347,-16.42,177.498,-5.778,4.65372,0.60451,0.582308,7.7,7.7,7.8,7.9,8,0,0,0
7.6,348,348,-15.872,177.005,-5.697,4.84786,0.542938,0.630237,7.7,7.7,7.7,7.8,7.9,0,0,0
7.7,349,349,-13.394,176.57,-5.271,4.74551,0.439686,0.692573,7.6,7.7,7.7,7.7,7.8,0,0,0
7.6,350,350,-16.498,176.193,-5.558,3.78678,0.503979,0.597614,7.7,7.6,7.7,7.7,7.7,0,0,0
7.5,351,351,-16.3,175.874,-5.89,3.4025,0.337452,0.560544,7.6,7.7,7.6,7.7,7.7,0,0,0
7.6,352,352,-18.491,175.614,-5.032,9.83204,0.304928,0.502374,7.5,7.6,7.7,7.6,7.7,0.7,0,0
7.5,353,353,-20.874,175.413,-6.21,8.059,0.517152,0.472752,7.6,7.5,7.6,7.7,7.6,0,0.7,0
7.4,354,354,-18.42,175.27,-6.339,6.73597,0.389145,0.549547,7.5,7.6,7.5,7.6,7.7,0,0,0.7
7.3,355,355,-17.223,175.187,-6.665,4.90513,0.237641,0.557932,7.4,7.5,7.6,7.5,7.6,0.1,0,0
7.3,356,356,-16.491,175.162,-6.488,8.97826,0.420023,0.585524,7.3,7.4,7.5,7.6,7.5,0,0.1,0
7.2,357,357,-18.027,175.197,-7.181,7.63574,0.423817,0.576784,7.3,7.3,7.4,7.5,7.6,0,0,0.1
7.1,358,358,-16.605,175.291,-7.178,8.87288,0.347431,0.566159,7.2,7.3,7.3,7.4,7.5,0,0,0
7,359,359,-20.645,175.444,-7.786,5.4342,0.44296,0.477604,7.1,7.2,7.3,7.3,7.4,0,0,0
6.9,360,360,-20.285,175.656,-7.991,4.1237,0.36029,0.507733,7,7.1,7.2,7.3,7.3,0,0,0
6.9,361,361,-16.808,175.928,-7.788,4.27891,0.269782,0.580265,6.9,7,7.1,7.2,7.3,0,0,0
6.9,362,362,-14.57,176.258,-7.171,3.69741,0.187746,0.589541,6.9,6.9,7,7.1,7.2,0,0,0
7,363,363,-13.493,176.647,-6.324,6.91765,0.291783,0.618923,6.9,6.9,6.9,7,7.1,0,0,0
7,364,364,-20.121,177.094,-7.224,10.0883,0.519579,0.496064,7,6.9,6.9,6.9,7,0.1,0,0
6.9,365,365,-15.591,177.601,-7.132,7.62675,0.351186,0.597035,7,7,6.9,6.9,6.9,0,0.1,0
7,366,1,-19.975,178.166,-6.237,10.5296,0.370028,0.236911,6.9,7,7,6.9,6.9,0,0,0.1
6.9,367,2,-23.005,178.788,-7.723,6.57032,0.4144,0.20783,7,6.9,7,7,6.9,0,0,0
6.8,368,3,-21.951,179.469,-7.941,6.4127,0.435526,0.233078,6.9,7,6.9,7,7,0.6,0,0
6.7,369,4,-19.815,180.208,-7.909,6.37635,0.44196,0.260751,6.8,6.9,7,6.9,7,0.1,0.6,0
6.8,370,5,-15.081,181.004,-6.992,9.00915,0.460669,0.312258,6.7,6.8,6.9,7,6.9,0,0.1,0.6
6.8,371,6,-15.981,181.857,-7.48,7.09264,0.417182,0.303877,6.8,6.7,6.8,6.9,7,0,0,0.1
6.8,372,7,-17.062,182.767,-7.508,6.06539,0.453095,0.287707,6.8,6.8,6.7,6.8,6.9,0,0,0
6.8,373,8,-14.922,183.733,-7.419,8.76706,0.454152,0.321943,6.8,6.8,6.8,6.7,6.8,0,0,0
6.7,374,9,-17.245,184.755,-7.871,5.49346,0.321802,0.28674,6.8,6.8,6.8,6.8,6.7,0,0,0
6.6,375,10,-17.854,185.832,-8.238,4.78423,0.377781,0.281734,6.7,6.8,6.8,6.8,6.8,0,0,0
6.7,376,11,-17.479,186.965,-8.349,8.0323,0.323264,0.275622,6.6,6.7,6.8,6.8,6.8,0.1,0,0
6.6,377,12,-20.675,188.152,-9.063,6.70809,0.445904,0.263296,6.7,6.6,6.7,6.8,6.8,0,0.1,0
6.5,378,13,-16.366,189.392,-8.544,5.97094,0.470351,0.30617,6.6,6.7,6.6,6.7,6.8,0,0,0.1
6.7,379,14,-11.977,190.687,-6.62,8.57714,0.346452,0.327525,6.5,6.6,6.7,6.6,6.7,0.2,0,0
6.8,380,15,-17.39,192.034,-6.223,8.58864,0.357234,0.267773,6.7,6.5,6.6,6.7,6.6,0.3,0.2,0
6.7,381,16,-18.546,193.434,-7.088,9.15625,0.362536,0.260554,6.8,6.7,6.5,6.6,6.7,0,0.3,0.2
6.7,382,17,-16.489,194.886,-7.145,9.42059,0.363626,0.290321,6.7,6.8,6.7,6.5,6.6,0,0,0.3
6.7,383,18,-21.814,196.388,-7.59,5.31183,0.402075,0.223143,6.7,6.7,6.8,6.7,6.5,0,0,0
6.6,384,19,-19.334,197.94,-7.942,8.7611,0.418543,0.251177,6.7,6.7,6.7,6.8,6.7,0,0,0
6.6,385,20,-19.368,199.542,-7.246,9.57761,0.468618,0.247187,6.6,6.7,6.7,6.7,6.8,0.4,0,0
6.5,386,21,-26.362,201.194,-8.383,7.84046,0.447588,0.179195,6.6,6.6,6.7,6.7,6.7,0,0.4,0
6.5,387,22,-24.178,202.893,-9.126,10.1973,0.376853,0.204138,6.5,6.6,6.6,6.7,6.7,0,0,0.4
6.4,388,23,-21.499,204.639,-9.323,13.2614,0.37309,0.230831,6.5,6.5,6.6,6.6,6.7,0,0,0
6.3,389,24,-23.626,206.432,-9.596,7.64802,0.398287,0.209787,6.4,6.5,6.5,6.6,6.6,0.1,0,0
6.3,390,25,-20.214,208.271,-9.125,8.79272,0.435728,0.254224,6.3,6.4,6.5,6.5,6.6,0,0.1,0
6.4,391,26,-18.051,210.155,-8.73,8.74783,0.394486,0.283599,6.3,6.3,6.4,6.5,6.5,0,0,0.1
6.4,392,27,-21.214,212.082,-8.617,7.93812,0.350766,0.253827,6.4,6.3,6.3,6.4,6.5,0,0,0
6.4,393,28,-18.072,214.053,-8.905,5.99789,0.215886,0.268519,6.4,6.4,6.3,6.3,6.4,0,0,0
6.4,394,29,-18.668,216.066,-8.303,10.6268,0.344577,0.273966,6.4,6.4,6.4,6.3,6.3,0.8,0,0
6.5,395,30,-14.875,218.119,-7.741,9.17784,0.374472,0.325457,6.4,6.4,6.4,6.4,6.3,0,0.8,0
6.5,396,31,-15.796,220.213,-7.519,6.53453,0.376089,0.293447,6.5,6.4,6.4,6.4,6.4,0.1,0,0.8
6.4,397,32,-18.967,222.346,-8.582,5.54137,0.148921,0.235766,6.5,6.5,6.4,6.4,6.4,0,0.1,0
6.4,398,33,-21.345,224.518,-8.646,8.2958,0.316469,0.20803,6.4,6.5,6.5,6.4,6.4,0.2,0,0.1
6.4,399,34,-26.195,226.726,-9.19,7.74825,0.388189,0.165873,6.4,6.4,6.5,6.5,6.4,0,0.2,0
6.3,400,35,-24.457,228.971,-9.695,7.94019,0.428284,0.186943,6.4,6.4,6.4,6.5,6.5,0,0,0.2
6.3,401,36,-26.332,231.251,-10.038,10.0316,0.504324,0.174125,6.3,6.4,6.4,6.4,6.5,0,0,0
6.2,402,37,-27.728,233.565,-10.22,8.82337,0.514929,0.169064,6.3,6.3,6.4,6.4,6.4,0,0,0
6.2,403,38,-26.43,235.911,-10.12,8.9144,0.498005,0.185808,6.2,6.3,6.3,6.4,6.4,0.1,0,0
6.2,404,39,-24.246,238.29,-9.797,9.37676,0.5567,0.217579,6.2,6.2,6.3,6.3,6.4,0.1,0.1,0
6.2,405,40,-20.872,240.699,-8.858,9.98761,0.504586,0.267725,6.2,6.2,6.2,6.3,6.3,0.2,0.1,0.1
6.3,406,41,-16.859,243.138,-7.957,10.5721,0.574017,0.308341,6.2,6.2,6.2,6.2,6.3,0,0.2,0.1
6.4,407,42,-15.397,245.605,-7.151,12.0978,0.554748,0.324006,6.3,6.2,6.2,6.2,6.2,0,0,0.2
6.5,408,43,-16.812,248.099,-7.533,21.1838,0.538423,0.322079,6.4,6.3,6.2,6.2,6.2,0,0,0
6.5,409,44,-13.55,250.62,-7.189,16.3794,0.530555,0.42852,6.5,6.4,6.3,6.2,6.2,0,0,0
6.6,410,45,-15.539,253.166,-6.187,10.3088,0.646892,0.412167,6.5,6.5,6.4,6.3,6.2,0,0,0
6.7,411,46,-11.917,255.736,-6.003,13.4959,0.304666,0.414343,6.6,6.5,6.5,6.4,6.3,0,0,0
6.7,412,47,-14.245,258.328,-6.107,9.3495,0.461207,0.428246,6.7,6.6,6.5,6.5,6.4,0,0,0
6.8,413,48,-13.776,260.943,-5.987,11.4685,0.576464,0.580641,6.7,6.7,6.6,6.5,6.5,0,0,0
6.8,414,49,-12.002,263.577,-5.109,8.87183,0.469863,0.720154,6.8,6.7,6.7,6.6,6.5,0,0,0
7,415,50,-10.239,266.23,-4.105,8.19741,0.369041,0.788783,6.8,6.8,6.7,6.7,6.6,0,0,0
7.2,416,51,-9.57,268.902,-3.762,17.1249,0.384903,0.70156,7,6.8,6.8,6.7,6.7,0.4,0,0
7.1,417,52,-16.136,271.59,-5.276,10.2723,0.437366,0.532699,7.2,7,6.8,6.8,6.7,0,0.4,0
7,418,53,-17.233,274.295,-5.752,9.42311,0.428739,0.462691,7.1,7.2,7,6.8,6.8,0,0,0.4
6.9,419,54,-13.925,277.014,-5.679,8.61286,0.335779,0.445383,7,7.1,7.2,7,6.8,0,0,0
6.9,420,55,-19.283,279.746,-6.649,13.05,0.304203,0.31817,6.9,7,7.1,7.2,7,0.3,0,0
6.7,421,56,-15.416,282.491,-7.321,9.0259,0.358903,0.322374,6.9,6.9,7,7.1,7.2,0,0.3,0
6.8,422,57,-15.052,285.246,-6.117,7.44077,0.650591,0.315058,6.7,6.9,6.9,7,7.1,0,0,0.3
7,423,58,-10.854,288.012,-4.531,7.75159,0.506039,0.373838,6.8,6.7,6.9,6.9,7,0,0,0
7.1,424,59,-12.359,290.787,-4.481,9.28331,0.590963,0.435048,7,6.8,6.7,6.9,6.9,0,0,0
7.3,425,60,-10.842,293.569,-3.762,17.177,0.421616,0.555051,7.1,7,6.8,6.7,6.9,2.7,0,0
7.2,426,61,-16.325,296.358,-4.6,15.1269,0.568619,0.574161,7.3,7.1,7,6.8,6.7,0.2,2.7,0
7.1,427,62,-18.677,299.152,-5.167,23.2741,0.47048,0.602593,7.2,7.3,7.1,7,6.8,0,0.2,2.7
6.8,428,63,-19.662,301.952,-6.593,26.8456,0.674573,0.771803,7.1,7.2,7.3,7.1,7,0,0,0.2
6.8,429,64,-17.663,304.754,-7.134,32.4247,0.689241,0.987411,6.8,7.1,7.2,7.3,7.1,0,0,0
6.8,430,65,-14.761,307.559,-6.974,24.1107,0.670854,1.23937,6.8,6.8,7.1,7.2,7.3,0.1,0,0
6.9,431,66,-15.034,310.365,-5.785,16.0545,0.77846,1.41827,6.8,6.8,6.8,7.1,7.2,0,0.1,0
7.1,432,67,-15.691,313.171,-4.513,8.2491,0.413198,1.10674,6.9,6.8,6.8,6.8,7.1,0,0,0.1
7.1,433,68,-10.869,315.977,-4.566,17.3431,0.643038,0.616861,7.1,6.9,6.8,6.8,6.8,0.1,0,0
7.4,434,69,-2.136,318.781,-2.47,17.7688,0.644949,0.389225,7.1,7.1,6.9,6.8,6.8,0,0.1,0
7.8,435,70,-4.685,321.582,-1.6,6.84777,0.297711,0.376364,7.4,7.1,7.1,6.9,6.8,0,0,0.1
8,436,71,-6.608,324.379,-1.444,20.0276,0.538685,0.383166,7.8,7.4,7.1,7.1,6.9,1.3,0,0
8.2,437,72,-9.41,327.171,-2.001,17.9853,0.430341,0.472377,8,7.8,7.4,7.1,7.1,0,1.3,0
8.1,438,73,-8.574,329.958,-2.663,16.8059,0.679538,0.573461,8.2,8,7.8,7.4,7.1,0,0,1.3
8.1,439,74,-7.63,332.739,-2.307,16.5719,0.625827,0.677604,8.1,8.2,8,7.8,7.4,0,0,0
8.3,440,75,-3.733,335.512,-1.379,16.6814,0.512969,0.764764,8.1,8.1,8.2,8,7.8,0,0,0
8.4,441,76,-6.037,338.276,-1.444,12.3669,0.592685,0.63646,8.3,8.1,8.1,8.2,8,0,0,0
8.6,442,77,-4.582,341.031,-0.835,14.8155,0.461396,0.55684,8.4,8.3,8.1,8.1,8.2,1.3,0,0
8.8,443,78,-5.019,343.776,-0.81,17.4239,0.736056,0.681349,8.6,8.4,8.3,8.1,8.1,0,1.3,0
9,444,79,-3.684,346.51,-0.452,19.9005,0.687506,0.632719,8.8,8.6,8.4,8.3,8.1,0,0,1.3
9.3,445,80,-6.319,349.232,-0.376,18.6198,0.550151,0.451345,9,8.8,8.6,8.4,8.3,6.2,0,0
9.5,446,81,-11.437,351.942,-0.409,21.6248,0.672267,0.515196,9.3,9,8.8,8.6,8.4,1.9,6.2,0
9.6,447,82,-6.284,354.639,-0.436,34.6995,0.743685,0.886011,9.5,9.3,9,8.8,8.6,0.5,1.9,6.2
9.8,448,83,-6.141,357.322,-0.35,30.366,0.575977,1.00717,9.6,9.5,9.3,9,8.8,0,0.5,1.9
10,449,84,-7.464,359.988,-0.303,21.5149,0.458002,0.939689,9.8,9.6,9.5,9.3,9,5.6,0,0.5
10.7,450,85,-6.204,362.64,-0.274,39.304,0.540892,1.08059,10,9.8,9.6,9.5,9.3,0.9,5.6,0
11.6,451,86,-4.611,365.275,-0.254,29.1368,0.575739,1.20349,10.7,10,9.8,9.6,9.5,0,0.9,5.6
12,452,87,-5.291,367.895,-0.222,35.076,0.361402,1.15559,11.6,10.7,10,9.8,9.6,0.7,0,0.9
12.7,453,88,-5.292,370.495,-0.182,46.2675,0.373507,0.995842,12,11.6,10.7,10,9.8,0,0.7,0
13.7,454,89,-7.299,373.077,-0.199,39.8322,0.563808,0.791844,12.7,12,11.6,10.7,10,0,0,0.7
15,455,90,-6.92,375.641,-0.206,35.2076,0.574386,0.866295,13.7,12.7,12,11.6,10.7,0,0,0
16.8,456,91,-5.84,378.184,-0.211,41.3279,0.411408,0.953782,15,13.7,12.7,12,11.6,0,0,0
18.1,457,92,-5.864,380.708,-0.573,50.5887,0.726054,1.79403,16.8,15,13.7,12.7,12,0,0,0
18.9,458,93,-6.091,383.211,-0.428,45.255,0.650736,1.93601,18.1,16.8,15,13.7,12.7,0,0,0
19.9,459,94,-7.49,385.692,-0.313,36.0695,0.736479,1.68904,18.9,18.1,16.8,15,13.7,0,0,0
21.6,460,95,-3.691,388.152,-0.175,55.6946,0.512508,1.67554,19.9,18.9,18.1,16.8,15,0,0,0
24.1,461,96,-0.915,390.588,-0.075,29.8819,0.645595,1.42731,21.6,19.9,18.9,18.1,16.8,0,0,0
25,462,97,-7.005,393.003,-0.172,33.2106,0.456915,1.03101,24.1,21.6,19.9,18.9,18.1,0,0,0
24.3,463,98,-9.718,395.393,-0.188,33.9791,0.832735,1.09543,25,24.1,21.6,19.9,18.9,0,0,0
24.3,464,99,-8,397.759,-0.106,32.8198,0.699735,1.39201,24.3,25,24.1,21.6,19.9,0,0,0
24.4,465,100,-5.928,400.101,0.044,52.1772,0.597095,1.71995,24.3,24.3,25,24.1,21.6,0,0,0
25,466,101,-5.175,402.417,0.541,39.1897,0.494302,1.94822,24.4,24.3,24.3,25,24.1,0,0,0
25.8,467,102,-3.206,404.709,0.671,22.5884,0.428456,2.03533,25,24.4,24.3,24.3,25,0,0,0
25.9,468,103,-5.448,406.975,-0.159,20.7702,0.213233,1.5088,25.8,25,24.4,24.3,24.3,11,0,0
25.1,469,104,-9.796,409.214,-0.197,24.3416,0.364858,0.738275,25.9,25.8,25,24.4,24.3,4.2,11,0
24.5,470,105,-12.664,411.427,-0.205,38.8666,0.628332,0.588247,25.1,25.9,25.8,25,24.4,0,4.2,11
25.8,471,106,-10.68,413.612,-0.178,42.5579,0.885975,0.993969,24.5,25.1,25.9,25.8,25,0,0,4.2
29,472,107,-7.972,415.77,0.343,47.1236,0.778441,1.2169,25.8,24.5,25.1,25.9,25.8,0,0,0
31,473,108,-6.974,417.9,1.202,48.501,0.739335,1.1368,29,25.8,24.5,25.1,25.9,0,0,0
31.9,474,109,-5.037,420.003,2.098,52.3914,0.656413,1.16904,31,29,25.8,24.5,25.1,0,0,0
32.4,475,110,-2.609,422.076,2.335,43.6829,0.577545,1.23507,31.9,31,29,25.8,24.5,0,0,0
32.6,476,111,0.994,424.121,3.338,62.053,0.374741,1.33864,32.4,31.9,31,29,25.8,0,0,0
32.3,477,112,-0.064,426.137,2.607,52.2274,0.645627,1.26492,32.6,32.4,31.9,31,29,0,0,0
31.8,478,113,0.645,428.123,3.324,34.0457,0.752936,1.24217,32.3,32.6,32.4,31.9,31,0.5,0,0
31.5,479,114,0.199,430.079,4.824,58.8075,0.750205,1.27155,31.8,32.3,32.6,32.4,31.9,0.1,0.5,0
31.1,480,115,1.13,432.006,4.919,63.0563,0.552674,1.33269,31.5,31.8,32.3,32.6,32.4,0,0.1,0.5
30.7,481,116,0.626,433.902,3.581,65.5132,1.482,1.15284,31.1,31.5,31.8,32.3,32.6,0,0,0.1
30,482,117,-1.067,435.767,3.73,82.287,1.13894,1.25188,30.7,31.1,31.5,31.8,32.3,0,0,0
29.4,483,118,-1.763,437.602,5.527,85.9075,1.10596,1.29512,30,30.7,31.1,31.5,31.8,0,0,0
28.8,484,119,-0.547,439.405,5.724,89.4208,0.905542,1.32617,29.4,30,30.7,31.1,31.5,0,0,0
28.3,485,120,0.78,441.178,5.237,40.6127,1.12331,1.20009,28.8,29.4,30,30.7,31.1,1.4,0,0
28,486,121,2.177,442.919,6.561,85.6909,1.18917,1.23502,28.3,28.8,29.4,30,30.7,0.3,1.4,0
27.7,487,122,1.757,444.628,5.157,21.3681,0.729636,1.0935,28,28.3,28.8,29.4,30,0,0.3,1.4
27.6,488,123,-5.896,446.306,1.071,39.5473,1.00216,0.844638,27.7,28,28.3,28.8,29.4,8.4,0,0.3
28,489,124,-10.293,447.951,1.109,71.3203,1.37223,1.04767,27.6,27.7,28,28.3,28.8,0,8.4,0
27.9,490,125,-6.648,449.564,1.72,83.1151,1.40676,1.32353,28,27.6,27.7,28,28.3,0,0,8.4
27.4,491,126,-4.992,451.144,3.29,68.5171,1.28755,1.30533,27.9,28,27.6,27.7,28,0,0,0
27,492,127,-1.852,452.692,2.872,22.2245,0.927506,1.25184,27.4,27.9,28,27.6,27.7,2,0,0
26.9,493,128,-3.403,454.207,3.719,85.8991,1.54222,1.50006,27,27.4,27.9,28,27.6,0,2,0
26.5,494,129,-0.715,455.69,5.794,74.83,1.17025,1.75508,26.9,27,27.4,27.9,28,0,0,2
26.1,495,130,-0.757,457.139,5.269,52.5696,0.975994,1.72809,26.5,26.9,27,27.4,27.9,0.4,0,0
25.7,496,131,0.15,458.555,4.875,31.6885,0.95788,1.55776,26.1,26.5,26.9,27,27.4,2.4,0.4,0
26.2,497,132,-3.591,459.937,3.751,66.7507,1.18927,1.45839,25.7,26.1,26.5,26.9,27,8,2.4,0.4
27.4,498,133,-0.677,461.286,3.994,36.9911,0.960114,1.50956,26.2,25.7,26.1,26.5,26.9,3.8,8,2.4
27.9,499,134,-0.672,462.602,4.849,62.5463,1.56355,1.5851,27.4,26.2,25.7,26.1,26.5,0,3.8,8
27.7,500,135,-2.11,463.884,3.56,48.1115,1.70304,1.5271,27.9,27.4,26.2,25.7,26.1,0.6,0,3.8
27.4,501,136,-3.288,465.131,2.364,70.1528,2.00457,1.51881,27.7,27.9,27.4,26.2,25.7,0,0.6,0
27,502,137,-3.398,466.345,2.474,79.5762,1.77775,1.80024,27.4,27.7,27.9,27.4,26.2,0,0,0.6
26.5,503,138,-3.14,467.524,3.512,84.6556,2.09705,1.85574,27,27.4,27.7,27.9,27.4,0,0,0
26,504,139,0.144,468.671,5.542,78.256,1.88653,2.12846,26.5,27,27.4,27.7,27.9,0,0,0
25.4,505,140,-1.496,469.782,6.989,89.3544,1.91108,2.25063,26,26.5,27,27.4,27.7,0,0,0
24.9,506,141,-2.019,470.859,6.733,59.908,1.93896,2.23914,25.4,26,26.5,27,27.4,0,0,0
24.4,507,142,0.403,471.901,7.154,70.0005,2.4891,2.34034,24.9,25.4,26,26.5,27,0,0,0
24,508,143,0.902,472.91,9.135,66.415,2.0873,2.29112,24.4,24.9,25.4,26,26.5,0,0,0
23.6,509,144,0.588,473.884,8.906,63.0179,2.11991,2.24726,24,24.4,24.9,25.4,26,0,0,0
23.4,510,145,2.23,474.822,6.192,33.8589,1.01098,1.83842,23.6,24,24.4,24.9,25.4,7.6,0,0
23.9,511,146,-0.35,475.727,5.422,83.892,2.45204,2.20241,23.4,23.6,24,24.4,24.9,0,7.6,0
24.1,512,147,1.723,476.598,6.19,38.5383,1.76225,2.27241,23.9,23.4,23.6,24,24.4,3.1,0,7.6
24.2,513,148,-0.553,477.432,5.864,71.1415,2.63068,2.30425,24.1,23.9,23.4,23.6,24,0.5,3.1,0
24.1,514,149,-0.698,478.233,5.675,60.4055,2.6453,2.32912,24.2,24.1,23.9,23.4,23.6,0.2,0.5,3.1
24,515,150,1.554,478.997,6.068,35.7481,2.19802,1.89629,24.1,24.2,24.1,23.9,23.4,1.9,0.2,0.5
24,516,151,0.429,479.728,6.916,55.1923,2.98123,1.85832,24,24.1,24.2,24.1,23.9,0.1,1.9,0.2
23.8,517,152,-1.616,480.424,6.278,57.3898,3.10652,1.9723,24,24,24.1,24.2,24.1,0,0.1,1.9
23.5,518,153,1.971,481.084,7.515,100.749,2.56573,2.44218,23.8,24,24,24.1,24.2,0,0,0.1
23.1,519,154,1.766,481.71,8.129,61.1058,2.77059,2.46831,23.5,23.8,24,24,24.1,0.8,0,0
22.9,520,155,0.896,482.3,5.678,45.7059,2.389,1.90162,23.1,23.5,23.8,24,24,1.4,0.8,0
23,521,156,-0.482,482.856,6.261,80.1462,3.95142,1.67258,22.9,23.1,23.5,23.8,24,1.7,1.4,0.8
23,522,157,-1.734,483.377,5.173,65.3645,3.19844,1.59122,23,22.9,23.1,23.5,23.8,0,1.7,1.4
22.7,523,158,-1.59,483.862,5.06,74.7729,3.50366,2.03453,23,23,22.9,23.1,23.5,0,0,1.7
22.3,524,159,-2.73,484.312,6.27,94.6057,3.3881,2.36225,22.7,23,23,22.9,23.1,0,0,0
21.9,525,160,0.727,484.727,9.396,97.304,3.94383,2.52593,22.3,22.7,23,23,22.9,0,0,0
21.5,526,161,0.494,485.107,9.874,71.7545,4.15607,2.63454,21.9,22.3,22.7,23,23,0,0,0
21.1,527,162,2.688,485.452,10.813,94.8631,3.94502,3.01575,21.5,21.9,22.3,22.7,23,0,0,0
20.9,528,163,3.123,485.762,10.055,57.643,2.95287,2.82054,21.1,21.5,21.9,22.3,22.7,7.5,0,0
21.5,529,164,5.234,486.036,8.568,27.493,1.45762,2.44254,20.9,21.1,21.5,21.9,22.3,9.3,7.5,0
23.5,530,165,3.102,486.276,7.81,80.6773,3.42503,2.45358,21.5,20.9,21.1,21.5,21.9,3.1,9.3,7.5
24.3,531,166,2.587,486.481,8.163,88.2497,3.89163,2.21725,23.5,21.5,20.9,21.1,21.5,0.5,3.1,9.3
24.2,532,167,-0.673,486.65,7.164,94.4586,4.05624,2.28289,24.3,23.5,21.5,20.9,21.1,0,0.5,3.1
23.8,533,168,-0.402,486.784,8.071,139.035,4.85715,2.68411,24.2,24.3,23.5,21.5,20.9,0.1,0,0.5
23,534,169,2.223,486.883,10.121,139.105,5.23525,2.92619,23.8,24.2,24.3,23.5,21.5,0,0.1,0
22.1,535,170,0.16,486.947,10.413,120.572,5.21715,2.85393,23,23.8,24.2,24.3,23.5,0,0,0.1
21.3,536,171,-1.872,486.977,9.762,109.668,5.33249,2.53864,22.1,23,23.8,24.2,24.3,0,0,0
20.8,537,172,-1.513,486.971,9.222,81.6968,4.65061,2.07102,21.3,22.1,23,23.8,24.2,0,0,0
20.5,538,173,2.299,486.93,9.978,124.001,5.36956,2.42753,20.8,21.3,22.1,23,23.8,0,0,0
20.2,539,174,5.649,486.854,11.168,70.3575,5.01295,2.60169,20.5,20.8,21.3,22.1,23,1.4,0,0
20.1,540,175,3.295,486.744,10.06,76.5119,5.13277,2.58857,20.2,20.5,20.8,21.3,22.1,0.3,1.4,0
20,541,176,3.689,486.599,11.115,106.43,5.88554,2.84736,20.1,20.2,20.5,20.8,21.3,0,0.3,1.4
19.7,542,177,1.847,486.419,12.694,154.293,6.68215,3.30194,20,20.1,20.2,20.5,20.8,0,0,0.3
19.4,543,178,4.305,486.204,11.799,66.9328,5.75195,3.95123,19.7,20,20.1,20.2,20.5,0.8,0,0
19.4,544,179,9.326,485.955,12.98,77.5245,5.77033,4.41859,19.4,19.7,20,20.1,20.2,0.5,0.8,0
19.4,545,180,9.217,485.67,13.403,69.8529,5.49283,3.65346,19.4,19.4,19.7,20,20.1,11.9,0.5,0.8
20.3,546,181,7.101,485.351,10.395,26.0072,2.05193,3.2228,19.4,19.4,19.4,19.7,20,9.5,11.9,0.5
22.6,547,182,5.094,484.998,11.001,141.779,7.16522,5.50474,20.3,19.4,19.4,19.4,19.7,0,9.5,11.9
22.8,548,183,4.897,484.611,10.844,52.1864,5.9425,5.87283,22.6,20.3,19.4,19.4,19.4,6.3,0,9.5
23,549,184,1.885,484.189,10.268,116.058,7.68533,6.49183,22.8,22.6,20.3,19.4,19.4,0,6.3,0
22.9,550,185,3.475,483.732,10.452,103.032,6.81602,6.28906,23,22.8,22.6,20.3,19.4,0.1,0,6.3
22.3,551,186,2.537,483.241,11.017,149.368,7.48206,4.9679,22.9,23,22.8,22.6,20.3,0,0.1,0
21.3,552,187,0.522,482.717,11.038,144.618,7.87642,4.39384,22.3,22.9,23,22.8,22.6,0,0,0.1
20.4,553,188,1.857,482.157,12.494,153.041,7.79179,4.63312,21.3,22.3,22.9,23,22.8,0,0,0
19.8,554,189,7.388,481.565,13.215,87.7373,6.96699,4.89979,20.4,21.3,22.3,22.9,23,0,0,0
19.5,555,190,5.862,480.938,9.912,16.1309,2.67682,3.96299,19.8,20.4,21.3,22.3,22.9,16.1,0,0
20.5,556,191,1.899,480.277,9.722,163.356,8.53458,4.17339,19.5,19.8,20.4,21.3,22.3,0.1,16.1,0
20.9,557,192,-0.757,479.583,10.764,142.587,7.51823,4.17877,20.5,19.5,19.8,20.4,21.3,0,0.1,16.1
20.4,558,193,1.598,478.855,12.147,162.969,9.05007,4.55304,20.9,20.5,19.5,19.8,20.4,0,0,0.1
19.7,559,194,4.608,478.094,13.29,138.141,9.95361,4.96962,20.4,20.9,20.5,19.5,19.8,0,0,0
19.2,560,195,2.92,477.298,13.09,131.067,8.96864,4.70137,19.7,20.4,20.9,20.5,19.5,0,0,0
18.9,561,196,2.152,476.471,11.204,70.3155,7.11329,3.93615,19.2,19.7,20.4,20.9,20.5,8.2,0,0
19,562,197,2.184,475.609,9.9,95.3827,8.26815,3.82794,18.9,19.2,19.7,20.4,20.9,0.5,8.2,0
19.2,563,198,3.87,474.714,9.679,32.8088,5.30061,3.67363,19,18.9,19.2,19.7,20.4,3.3,0.5,8.2
19.4,564,199,3.946,473.787,9.741,72.9388,8.04328,4.00465,19.2,19,18.9,19.2,19.7,3.5,3.3,0.5
19.6,565,200,1.764,472.826,9.721,112.848,8.77064,4.37727,19.4,19.2,19,18.9,19.2,0,3.5,3.3
19.5,566,201,2.271,471.832,11.579,154.105,8.7098,4.46065,19.6,19.4,19.2,19,18.9,0,0,3.5
19.1,567,202,5.621,470.806,14.091,165.441,8.66205,4.05984,19.5,19.6,19.4,19.2,19,0,0,0
18.7,568,203,6.84,469.748,15.263,147.121,9.20169,4.00231,19.1,19.5,19.6,19.4,19.2,0,0,0
18.4,569,204,9.839,468.656,14.95,85.6782,7.56846,4.62612,18.7,19.1,19.5,19.6,19.4,22.2,0,0
24.7,570,205,9.915,467.534,13.1,57.5668,5.73831,4.80519,18.4,18.7,19.1,19.5,19.6,12.3,22.2,0
26.7,571,206,10.32,466.378,14.013,72.4685,7.2692,5.28017,24.7,18.4,18.7,19.1,19.5,0.8,12.3,22.2
25.9,572,207,9.78,465.19,13.061,68.4172,5.70986,5.43362,26.7,24.7,18.4,18.7,19.1,1.9,0.8,12.3
25.1,573,208,7.713,463.97,12.035,150.172,8.3694,5.92614,25.9,26.7,24.7,18.4,18.7,5,1.9,0.8
25.8,574,209,6.429,462.72,13.065,109.748,7.55687,5.92257,25.1,25.9,26.7,24.7,18.4,8.3,5,1.9
29.9,575,210,5.126,461.438,9.522,16.3702,3.73188,4.75273,25.8,25.1,25.9,26.7,24.7,27.9,8.3,5
30,576,211,2.687,460.124,11.268,119.504,8.81572,4.91331,29.9,25.8,25.1,25.9,26.7,0,27.9,8.3
28.6,577,212,2.602,458.778,12.359,158.694,8.94458,4.76066,30,29.9,25.8,25.1,25.9,0,0,27.9
27.5,578,213,4.232,457.401,12.871,114.942,8.85723,4.69629,28.6,30,29.9,25.8,25.1,0,0,0
26.5,579,214,5.216,455.994,13.619,128.101,9.07677,5.29993,27.5,28.6,30,29.9,25.8,0.1,0,0
25.5,580,215,6.44,454.555,14.194,129.67,9.13359,5.70856,26.5,27.5,28.6,30,29.9,0.1,0.1,0
24.6,581,216,6.569,453.087,15.262,123.14,9.3332,5.90334,25.5,26.5,27.5,28.6,30,0,0.1,0.1
23.7,582,217,6.342,451.588,15.941,125.225,9.24065,6.07401,24.6,25.5,26.5,27.5,28.6,0,0,0.1
22.8,583,218,8.828,450.059,16.463,133.695,9.04312,7.00278,23.7,24.6,25.5,26.5,27.5,4,0,0
25.6,584,219,8.655,448.499,13.028,11.5829,2.76915,5.72867,22.8,23.7,24.6,25.5,26.5,25.5,4,0
29,585,220,7.958,446.91,13.499,80.4611,8.72567,5.46086,25.6,22.8,23.7,24.6,25.5,0.1,25.5,4
28,586,221,6.348,445.291,14.169,144.583,8.97916,5.34252,29,25.6,22.8,23.7,24.6,0.1,0.1,25.5
27.2,587,222,6.838,443.643,12.407,19.1581,3.24502,4.88948,28,29,25.6,22.8,23.7,5.1,0.1,0.1
27.3,588,223,8.244,441.965,10.901,18.7949,2.48513,5.00135,27.2,28,29,25.6,22.8,0.2,5.1,0.1
29.7,589,224,8.326,440.258,10.807,29.4863,3.96041,5.07452,27.3,27.2,28,29,25.6,15.8,0.2,5.1
29.7,590,225,8.516,438.523,12.724,103.688,8.77982,5.406,29.7,27.3,27.2,28,29,0,15.8,0.2
29,591,226,9.018,436.759,13.171,40.2045,4.39811,5.31438,29.7,29.7,27.3,27.2,28,8.2,0,15.8
30,592,227,6.648,434.967,11.127,25.9014,4.02966,4.75555,29,29.7,29.7,27.3,27.2,2.9,8.2,0
29.3,593,228,4.139,433.145,11.487,122.352,7.99088,4.56429,30,29,29.7,29.7,27.3,0,2.9,8.2
28.5,594,229,1.88,431.298,11.41,110.689,7.37586,4.74579,29.3,30,29,29.7,29.7,3,0,2.9
28,595,230,1.949,429.422,10.176,76.5512,7.04519,5.50283,28.5,29.3,30,29,29.7,0.3,3,0
27.7,596,231,3.324,427.518,9.51,48.5997,6.34485,5.75353,28,28.5,29.3,30,29,2.9,0.3,3
27.8,597,232,4.629,425.587,10.195,61.3486,6.83162,5.47821,27.7,28,28.5,29.3,30,2.1,2.9,0.3
27.6,598,233,0.714,423.631,10.055,122.719,7.71187,4.96101,27.8,27.7,28,28.5,29.3,0,2.1,2.9
27,599,234,2.446,421.647,11.104,102.05,7.67165,4.57664,27.6,27.8,27.7,28,28.5,0.5,0,2.1
26.5,600,235,5.127,419.637,12.07,90.7437,7.67241,3.95812,27,27.6,27.8,27.7,28,7.1,0.5,0
27.8,601,236,6.844,417.602,11.502,33.5851,3.3302,2.66808,26.5,27,27.6,27.8,27.7,12.6,7.1,0.5
30.6,602,237,5.012,415.54,11.124,113.956,8.20656,2.58461,27.8,26.5,27,27.6,27.8,7.5,12.6,7.1
29.6,603,238,2.689,413.454,10.739,69.8648,6.61015,3.26238,30.6,27.8,26.5,27,27.6,3,7.5,12.6
29.2,604,239,4.334,411.342,11.856,97.5893,6.93608,4.26932,29.6,30.6,27.8,26.5,27,0,3,7.5
28.6,605,240,3.061,409.206,11.935,112.576,7.68774,4.88264,29.2,29.6,30.6,27.8,26.5,1.4,0,3
27.9,606,241,2.329,407.045,11.608,113.13,7.78392,5.30279,28.6,29.2,29.6,30.6,27.8,0.1,1.4,0
27.2,607,242,4.011,404.86,12.168,67.3957,6.7363,5.61404,27.9,28.6,29.2,29.6,30.6,0,0.1,1.4
26.6,608,243,3.587,402.652,11.539,83.4803,7.14133,5.26269,27.2,27.9,28.6,29.2,29.6,0.4,0,0.1
26,609,244,4.052,400.422,12.248,100.68,7.196,4.47976,26.6,27.2,27.9,28.6,29.2,0,0.4,0
25.4,610,245,3.902,398.168,11.848,69.1147,6.9453,3.67714,26,26.6,27.2,27.9,28.6,7.7,0,0.4
27.3,611,246,6.913,395.892,11.165,86.8317,6.30853,3.12148,25.4,26,26.6,27.2,27.9,9.8,7.7,0
28.9,612,247,7.625,393.593,10.911,22.5354,2.31243,2.97054,27.3,25.4,26,26.6,27.2,13.1,9.8,7.7
31.5,613,248,5.587,391.272,10.28,48.9794,4.63694,3.50753,28.9,27.3,25.4,26,26.6,10.1,13.1,9.8
30.5,614,249,5.279,388.932,9.524,30.3282,3.36367,3.76933,31.5,28.9,27.3,25.4,26,4.5,10.1,13.1
30,615,250,5.053,386.57,10.611,74.9917,5.86966,4.07132,30.5,31.5,28.9,27.3,25.4,2.6,4.5,10.1
29.7,616,251,3.475,384.188,9.56,45.7228,3.76879,3.43417,30,30.5,31.5,28.9,27.3,0.9,2.6,4.5
29.2,617,252,-0.702,381.787,8.903,91.3539,5.37476,2.89166,29.7,30,30.5,31.5,28.9,0.3,0.9,2.6
28.6,618,253,-0.226,379.365,8.401,72.8541,4.90346,2.27807,29.2,29.7,30,30.5,31.5,0.1,0.3,0.9
28,619,254,-1.086,376.925,6.727,54.7025,3.94133,1.115,28.6,29.2,29.7,30,30.5,6.1,0.1,0.3
28.3,620,255,-4.026,374.466,5.874,72.6804,4.48945,0.669937,28,28.6,29.2,29.7,30,1.3,6.1,0.1
29.5,621,256,-1.281,371.991,4.667,35.8127,2.77918,0.772753,28.3,28,28.6,29.2,29.7,13.7,1.3,6.1
30,622,257,-2.735,369.498,4.392,87.6314,4.45788,1.10214,29.5,28.3,28,28.6,29.2,0.1,13.7,1.3
29.1,623,258,-1.101,366.987,5.529,91.7592,4.05944,1.71299,30,29.5,28.3,28,28.6,0,0.1,13.7
28.5,624,259,-1.763,364.461,6.759,81.018,3.95198,2.12123,29.1,30,29.5,28.3,28,0,0,0.1
27.9,625,260,-0.068,361.919,7.423,47.1457,3.38037,2.31385,28.5,29.1,30,29.5,28.3,3.1,0,0
27.7,626,261,2.919,359.362,8.334,68.0873,3.59074,2.6587,27.9,28.5,29.1,30,29.5,0.6,3.1,0
27.7,627,262,2.881,356.791,8.518,44.981,3.07052,2.52085,27.7,27.9,28.5,29.1,30,2.7,0.6,3.1
27.9,628,263,0.543,354.206,5.52,27.9353,1.39449,1.88086,27.7,27.7,27.9,28.5,29.1,11.8,2.7,0.6
29.7,629,264,-1.145,351.608,4.893,56.0267,2.88042,1.717,27.9,27.7,27.7,27.9,28.5,4.2,11.8,2.7
29.7,630,265,-1.762,348.996,6.137,56.5738,2.87707,1.59627,29.7,27.9,27.7,27.7,27.9,0.1,4.2,11.8
29.1,631,266,-2.723,346.374,6.505,63.2929,2.95876,1.66905,29.7,29.7,27.9,27.7,27.7,0,0.1,4.2
28.8,632,267,1.689,343.741,6.725,20.6311,1.53251,1.76375,29.1,29.7,29.7,27.9,27.7,5.8,0,0.1
29.7,633,268,0.642,341.097,5.063,27.736,1.65627,1.87039,28.8,29.1,29.7,29.7,27.9,8.4,5.8,0
30.2,634,269,0.378,338.443,6.25,49.6648,1.68749,2.10112,29.7,28.8,29.1,29.7,29.7,1.9,8.4,5.8
29.6,635,270,2.483,335.779,7.878,54.0961,2.29533,2.31667,30.2,29.7,28.8,29.1,29.7,1.8,1.9,8.4
29.2,636,271,-0.04,333.108,7.922,52.3754,2.02175,2.19819,29.6,30.2,29.7,28.8,29.1,0,1.8,1.9
28.7,637,272,-2.193,330.43,6.658,46.0383,2.13241,2.25055,29.2,29.6,30.2,29.7,28.8,0.1,0,1.8
28.3,638,273,0.565,327.744,6.345,29.1509,1.76864,2.39715,28.7,29.2,29.6,30.2,29.7,0,0.1,0
27.9,639,274,-1.318,325.052,5.185,36.8845,1.19423,2.09497,28.3,28.7,29.2,29.6,30.2,0.6,0,0.1
27.7,640,275,-5.943,322.355,4.415,36.3539,1.64382,1.89353,27.9,28.3,28.7,29.2,29.6,0,0.6,0
27.4,641,276,-8.353,319.654,3.684,35.0861,1.50785,1.68864,27.7,27.9,28.3,28.7,29.2,0,0,0.6
27.1,642,277,-5.924,316.95,3.959,31.4824,1.46996,1.74678,27.4,27.7,27.9,28.3,28.7,0,0,0
26.8,643,278,-2.612,314.243,3.772,15.8797,0.954054,1.80726,27.1,27.4,27.7,27.9,28.3,0,0,0
26.6,644,279,-2.761,311.533,3.931,32.8475,1.10775,1.74745,26.8,27.1,27.4,27.7,27.9,1.5,0,0
26.6,645,280,-7.089,308.823,2.836,26.6703,1.22154,1.47238,26.6,26.8,27.1,27.4,27.7,0,1.5,0
26.4,646,281,-7.57,306.113,2.587,34.1005,1.35785,1.34253,26.6,26.6,26.8,27.1,27.4,0,0,1.5
26.2,647,282,-5.631,303.404,3.585,31.2291,1.0611,1.16216,26.4,26.6,26.6,26.8,27.1,0,0,0
26.1,648,283,-1.749,300.697,2.877,16.248,0.495524,1.07408,26.2,26.4,26.6,26.6,26.8,1.4,0,0
26,649,284,-6.015,297.992,3.392,25.5735,0.884089,1.10674,26.1,26.2,26.4,26.6,26.6,0.4,1.4,0
26,650,285,-8.076,295.291,3.116,23.9153,1.03574,1.23452,26,26.1,26.2,26.4,26.6,0,0.4,1.4
25.9,651,286,-5.186,292.595,3.078,22.7449,0.976978,1.39099,26,26,26.1,26.2,26.4,0.1,0,0.4
25.8,652,287,-1.268,289.905,3.221,12.1354,0.530494,1.37437,25.9,26,26,26.1,26.2,0,0.1,0
25.7,653,288,-0.815,287.221,3.621,26.7967,0.627048,1.17855,25.8,25.9,26,26,26.1,3.1,0,0.1
25.9,654,289,-0.582,284.544,3.334,13.8364,0.414895,1.0902,25.7,25.8,25.9,26,26,0.1,3.1,0
26,655,290,-1.758,281.876,2.88,20.4357,0.476152,1.09781,25.9,25.7,25.8,25.9,26,3.3,0.1,3.1
26.3,656,291,-6.144,279.218,2.586,27.5526,0.701899,1.07488,26,25.9,25.7,25.8,25.9,0,3.3,0.1
26.3,657,292,-7.113,276.572,2.746,21.5104,0.75712,1.01895,26.3,26,25.9,25.7,25.8,0,0,3.3
26.3,658,293,-3.48,273.936,3.347,19.1997,0.620705,1.05526,26.3,26.3,26,25.9,25.7,0,0,0
26.2,659,294,-3.336,271.314,1.957,15.6996,0.386422,0.858661,26.3,26.3,26.3,26,25.9,4.3,0,0
26.5,660,295,-3.738,268.705,2.597,21.8128,0.630877,0.885385,26.2,26.3,26.3,26.3,26,1.4,4.3,0
26.8,661,296,-2.204,266.111,3.348,23.2707,0.567022,0.992826,26.5,26.2,26.3,26.3,26.3,0,1.4,4.3
26.9,662,297,-5.41,263.532,2.788,28.0364,0.570647,0.875177,26.8,26.5,26.2,26.3,26.3,2,0,1.4
27.2,663,298,-6.966,260.972,1.541,27.1573,0.626504,0.817386,26.9,26.8,26.5,26.2,26.3,0,2,0
27.1,664,299,-8.838,258.43,1.133,17.4111,0.711992,0.728653,27.2,26.9,26.8,26.5,26.2,0,0,2
26.9,665,300,-9.886,255.906,0.891,17.2171,0.800755,0.706259,27.1,27.2,26.9,26.8,26.5,0,0,0
26.7,666,301,-8.396,253.403,0.878,17.6559,0.734256,0.725224,26.9,27.1,27.2,26.9,26.8,0,0,0
26.5,667,302,-5.511,250.922,0.97,15.4917,0.739926,0.741792,26.7,26.9,27.1,27.2,26.9,0,0,0
26.4,668,303,-2.656,248.462,1.65,28.2748,0.537189,0.749799,26.5,26.7,26.9,27.1,27.2,0.3,0,0
26.4,669,304,-6.621,246.027,0.927,22.5956,0.410476,0.633554,26.4,26.5,26.7,26.9,27.1,7.4,0.3,0
26.6,670,305,-10.556,243.616,0.371,25.5653,0.468972,0.570184,26.4,26.4,26.5,26.7,26.9,0,7.4,0.3
26.6,671,306,-12.2,241.23,0.075,21.2993,0.725125,0.535864,26.6,26.4,26.4,26.5,26.7,0,0,7.4
26.4,672,307,-11.767,238.872,-0.122,17.1083,0.667174,0.569359,26.6,26.6,26.4,26.4,26.5,0,0,0
26.2,673,308,-10.293,236.542,-0.237,22.8558,0.649615,0.662488,26.4,26.6,26.6,26.4,26.4,0,0,0
26,674,309,-8.624,234.241,-0.367,23.501,0.734921,0.664415,26.2,26.4,26.6,26.6,26.4,0,0,0
25.7,675,310,-9.259,231.969,-0.555,18.1868,0.689149,0.560068,26,26.2,26.4,26.6,26.6,0,0,0
25.4,676,311,-8.665,229.729,-0.675,14.4354,0.56703,0.501456,25.7,26,26.2,26.4,26.6,0,0,0
25,677,312,-10.151,227.521,-0.687,11.5315,0.505947,0.428477,25.4,25.7,26,26.2,26.4,0,0,0
24.6,678,313,-8.43,225.346,-0.853,14.7683,0.651113,0.416171,25,25.4,25.7,26,26.2,0,0,0
24.3,679,314,-8.966,223.205,-0.722,17.1035,0.58906,0.391975,24.6,25,25.4,25.7,26,0,0,0
23.9,680,315,-10.062,221.1,-1.191,18.4228,0.634329,0.452849,24.3,24.6,25,25.4,25.7,0,0,0
23.5,681,316,-12.224,219.03,-1.303,13.2614,0.623382,0.589555,23.9,24.3,24.6,25,25.4,0,0,0
23,682,317,-11.138,216.998,-1.26,12.9798,0.518773,0.670765,23.5,23.9,24.3,24.6,25,2.5,0,0
22.6,683,318,-13.085,215.004,-1.474,10.4073,0.312706,0.618487,23,23.5,23.9,24.3,24.6,0.1,2.5,0
22,684,319,-14.293,213.049,-1.572,14.7583,0.450406,0.574152,22.6,23,23.5,23.9,24.3,0.3,0.1,2.5
21.4,685,320,-17.317,211.135,-2.735,14.2271,0.427513,0.520831,22,22.6,23,23.5,23.9,0,0.3,0.1
20.4,686,321,-17.595,209.261,-3.545,16.3205,0.579597,0.53107,21.4,22,22.6,23,23.5,0,0,0.3
19.5,687,322,-17.428,207.43,-3.761,12.3405,0.547121,0.563388,20.4,21.4,22,22.6,23,0,0,0
18.6,688,323,-14.951,205.641,-3.399,13.3443,0.507356,0.617562,19.5,20.4,21.4,22,22.6,0,0,0
17.5,689,324,-14.357,203.896,-3.161,13.1811,0.50387,0.630826,18.6,19.5,20.4,21.4,22,0,0,0
15.3,690,325,-13.368,202.196,-3.164,14.1061,0.476424,0.651739,17.5,18.6,19.5,20.4,21.4,0,0,0
13.4,691,326,-8.723,200.54,-2.461,14.2246,0.277909,0.736479,15.3,17.5,18.6,19.5,20.4,0,0,0
13,692,327,-11.238,198.931,-1.694,14.3471,0.333556,0.651301,13.4,15.3,17.5,18.6,19.5,0.7,0,0
12.1,693,328,-16.858,197.37,-3.446,13.9782,0.424257,0.552848,13,13.4,15.3,17.5,18.6,0,0.7,0
10.9,694,329,-18.78,195.855,-3.933,9.29532,0.423081,0.452119,12.1,13,13.4,15.3,17.5,0,0,0.7
9.7,695,330,-21.422,194.389,-5.318,11.9592,0.415394,0.47605,10.9,12.1,13,13.4,15.3,0,0,0
9,696,331,-20.764,192.973,-5.397,8.72235,0.44472,0.485459,9.7,10.9,12.1,13,13.4,0,0,0
8.7,697,332,-18.489,191.607,-4.974,6.20525,0.539305,0.546718,9,9.7,10.9,12.1,13,0,0,0
8.6,698,333,-14.704,190.291,-4.696,5.92509,0.610428,0.633793,8.7,9,9.7,10.9,12.1,0,0,0
8.5,699,334,-16.197,189.026,-4.546,5.62533,0.627022,0.611018,8.6,8.7,9,9.7,10.9,0,0,0
8.4,700,335,-15.858,187.813,-4.408,5.75867,0.573755,0.621691,8.5,8.6,8.7,9,9.7,0,0,0
8.4,701,336,-15.128,186.652,-4.003,5.79681,0.603349,0.63951,8.4,8.5,8.6,8.7,9,0,0,0
8.4,702,337,-10.592,185.546,-3.569,5.50429,0.409218,0.695949,8.4,8.4,8.5,8.6,8.7,0,0,0
8.5,703,338,-15.155,184.491,-3.64,5.9959,0.482984,0.61203,8.4,8.4,8.4,8.5,8.6,0,0,0
8.2,704,339,-17.278,183.492,-4.768,5.11486,0.551815,0.578193,8.5,8.4,8.4,8.4,8.5,0,0,0
8.1,705,340,-16.445,182.547,-4.965,4.30096,0.296895,0.567087,8.2,8.5,8.4,8.4,8.4,0,0,0
7.9,706,341,-16.424,181.658,-5.443,6.50656,0.617558,0.559375,8.1,8.2,8.5,8.4,8.4,0,0,0
7.8,707,342,-17.631,180.823,-6.037,5.86504,0.637513,0.559118,7.9,8.1,8.2,8.5,8.4,0,0,0
7.7,708,343,-14.923,180.045,-5.776,5.2008,0.593994,0.612688,7.8,7.9,8.1,8.2,8.5,0,0,0
7.7,709,344,-15.749,179.323,-5.477,5.50847,0.587867,0.590384,7.7,7.8,7.9,8.1,8.2,0,0,0
7.6,710,345,-16.088,178.657,-5.158,2.98787,0.502283,0.597024,7.7,7.7,7.8,7.9,8.1,0,0,0
7.7,711,346,-16.325,178.049,-5.225,7.10105,0.635809,0.591656,7.6,7.7,7.7,7.8,7.9,0,0,0
7.6,712,347,-16.535,177.498,-5.559,4.79699,0.603327,0.530491,7.7,7.6,7.7,7.7,7.8,0,0,0
7.6,713,348,-12.76,177.005,-4.94,3.57078,0.567012,0.424584,7.6,7.7,7.6,7.7,7.7,0,0,0
7.7,714,349,-12.284,176.57,-4.543,4.96414,0.436543,0.348875,7.6,7.6,7.7,7.6,7.7,0,0,0
7.6,715,350,-16.016,176.193,-5.008,5.3738,0.620788,0.309836,7.7,7.6,7.6,7.7,7.6,0,0,0
7.5,716,351,-16.146,175.874,-5.391,4.51287,0.45121,0.291512,7.6,7.7,7.6,7.6,7.7,0,0,0
7.5,717,352,-14.098,175.614,-5.364,4.69475,0.475154,0.296195,7.5,7.6,7.7,7.6,7.6,0,0,0
7.5,718,353,-13.026,175.413,-5.105,6.0341,0.583467,0.292914,7.5,7.5,7.6,7.7,7.6,0,0,0
7.6,719,354,-11.006,175.27,-4.284,2.72011,0.350086,0.28518,7.5,7.5,7.5,7.6,7.7,0,0,0
7.5,720,355,-12.089,175.187,-4.528,4.13361,0.452414,0.27288,7.6,7.5,7.5,7.5,7.6,0,0,0
7.6,721,356,-9.508,175.162,-3.795,3.67469,0.543937,0.286937,7.5,7.6,7.5,7.5,7.5,0,0,0
7.7,722,357,-12.474,175.197,-3.222,6.5094,0.248046,0.248223,7.6,7.5,7.6,7.5,7.5,0.9,0,0
7.7,723,358,-14.567,175.291,-3.365,13.525,0.4907,0.234982,7.7,7.6,7.5,7.6,7.5,0.3,0.9,0
7.6,724,359,-19.315,175.444,-4.572,10.6753,0.471473,0.20394,7.7,7.7,7.6,7.5,7.6,0.2,0.3,0.9
7.4,725,360,-15.192,175.656,-5.097,11.5451,0.449606,0.235044,7.6,7.7,7.7,7.6,7.5,0,0.2,0.3
7.5,726,361,-15.066,175.928,-4.128,7.12838,0.436581,0.213255,7.4,7.6,7.7,7.7,7.6,1.2,0,0.2
7.5,727,362,-19.463,176.258,-4.258,7.43686,0.427056,0.176304,7.5,7.4,7.6,7.7,7.7,0.3,1.2,0
7.4,728,363,-19.486,176.647,-4.986,9.063,0.357774,0.183319,7.5,7.5,7.4,7.6,7.7,0,0.3,1.2
7.3,729,364,-17.056,177.094,-5.141,14.2379,0.470622,0.197718,7.4,7.5,7.5,7.4,7.6,0,0,0.3
7.2,730,365,-27.973,177.601,-6.466,9.4405,0.477438,0.108286,7.3,7.4,7.5,7.5,7.4,0,0,0
7,731,1,-25.204,178.166,-7.045,7.56562,0.598082,0.145686,7.2,7.3,7.4,7.5,7.5,0,0,0
7,732,2,-19.555,178.166,-6.466,11.5453,0.397516,0.300751,7,7.2,7.3,7.4,7.5,0.1,0,0
7,733,3,-13.284,178.788,-5.917,11.381,0.379453,0.365126,7,7,7.2,7.3,7.4,0,0.1,0
7.1,734,4,-11.049,179.469,-4.987,8.8618,0.432995,0.385012,7,7,7,7.2,7.3,0,0,0.1
7.1,735,5,-13.353,180.208,-5.564,8.52631,0.360544,0.352706,7.1,7,7,7,7.2,0,0,0
7.1,736,6,-11.972,181.004,-5.4,12.6503,0.461325,0.374964,7.1,7.1,7,7,7,0,0,0
7.1,737,7,-13.309,181.857,-5.409,8.59634,0.410053,0.3597,7.1,7.1,7.1,7,7,0,0,0
7,738,8,-15.248,182.767,-5.987,5.53871,0.391023,0.318633,7.1,7.1,7.1,7.1,7,0,0,0
7,739,9,-17.295,183.733,-5.336,10.4435,0.346886,0.293,7,7.1,7.1,7.1,7.1,1.4,0,0
7,740,10,-22.106,184.755,-6.294,8.62221,0.460857,0.251233,7,7,7.1,7.1,7.1,0,1.4,0
6.9,741,11,-22.604,185.832,-6.976,6.82492,0.444325,0.239337,7,7,7,7.1,7.1,0,0,1.4
6.8,742,12,-21.141,186.965,-7.434,5.95077,0.374787,0.248254,6.9,7,7,7,7.1,0,0,0
6.7,743,13,-19.648,188.152,-7.26,6.42033,0.412647,0.268389,6.8,6.9,7,7,7,0,0,0
6.7,744,14,-18.664,189.392,-7.259,10.174,0.4497,0.283882,6.7,6.8,6.9,7,7,0,0,0
6.7,745,15,-20.776,190.687,-7.728,9.06498,0.544494,0.266737,6.7,6.7,6.8,6.9,7,0,0,0
6.6,746,16,-19.928,192.034,-7.919,10.1895,0.535593,0.285219,6.7,6.7,6.7,6.8,6.9,0,0,0
6.6,747,17,-18.146,193.434,-7.819,14.3959,0.596175,0.308677,6.6,6.7,6.7,6.7,6.8,0,0,0
6.6,748,18,-19.156,194.886,-7.986,10.0182,0.584036,0.285197,6.6,6.6,6.7,6.7,6.7,0,0,0
6.5,749,19,-22.072,196.388,-8.457,8.07284,0.558695,0.249001,6.6,6.6,6.6,6.7,6.7,0,0,0
6.5,750,20,-20.007,197.94,-8.632,7.27014,0.549819,0.269217,6.5,6.6,6.6,6.6,6.7,0,0,0
6.5,751,21,-17.333,199.542,-7.92,9.70488,0.523357,0.298931,6.5,6.5,6.6,6.6,6.6,0.2,0,0
6.5,752,22,-19.17,201.194,-8.247,10.5024,0.557194,0.280511,6.5,6.5,6.5,6.6,6.6,0,0.2,0
6.5,753,23,-16.621,202.893,-8.283,8.97251,0.498577,0.317715,6.5,6.5,6.5,6.5,6.6,0,0,0.2
6.5,754,24,-12.331,204.639,-6.884,14.4668,0.464336,0.344803,6.5,6.5,6.5,6.5,6.5,0,0,0
6.5,755,25,-17.336,206.432,-7.368,8.59531,0.407713,0.295456,6.5,6.5,6.5,6.5,6.5,0,0,0
6.5,756,26,-13.644,208.271,-7.085,12.4791,0.596301,0.351262,6.5,6.5,6.5,6.5,6.5,0.4,0,0
6.6,757,27,-12.061,210.155,-6.013,9.87414,0.605451,0.369196,6.5,6.5,6.5,6.5,6.5,0,0.4,0
6.6,758,28,-14.647,212.082,-6.912,13.1469,0.629425,0.34553,6.6,6.5,6.5,6.5,6.5,0,0,0.4
6.6,759,29,-13.511,214.053,-6.961,14.3587,0.601798,0.36153,6.6,6.6,6.5,6.5,6.5,0,0,0
6.6,760,30,-11.678,216.066,-6.706,10.3876,0.515177,0.370351,6.6,6.6,6.6,6.5,6.5,0,0,0
6.6,761,31,-13.605,218.119,-6.52,14.5305,0.631182,0.353359,6.6,6.6,6.6,6.6,6.5,0,0,0
6.6,762,32,-14.6,220.213,-7.044,8.68315,0.622295,0.339329,6.6,6.6,6.6,6.6,6.6,0,0,0
6.6,763,33,-12.587,222.346,-6.289,10.5074,0.631412,0.371676,6.6,6.6,6.6,6.6,6.6,0,0,0
6.6,764,34,-18.225,224.518,-7.314,6.84343,0.581631,0.286433,6.6,6.6,6.6,6.6,6.6,0,0,0
6.6,765,35,-13.116,226.726,-6.899,9.32689,0.682094,0.319982,6.6,6.6,6.6,6.6,6.6,0,0,0
6.6,766,36,-11.917,228.971,-6.4,6.51261,0.690654,0.322251,6.6,6.6,6.6,6.6,6.6,0,0,0
6.7,767,37,-11.069,231.251,-5.484,6.3323,0.808706,0.352474,6.6,6.6,6.6,6.6,6.6,0,0,0
6.8,768,38,-9.839,233.565,-4.987,5.30575,0.507017,0.744982,6.7,6.6,6.6,6.6,6.6,0,0,0
6.8,769,39,-15.473,235.911,-5.889,4.2027,0.308075,1.31366,6.8,6.7,6.6,6.6,6.6,0,0,0
6.6,770,40,-14.248,238.29,-6.638,4.79501,0.450811,2.21566,6.8,6.8,6.7,6.6,6.6,0,0,0
6.7,771,41,-13.163,240.699,-5.284,15.3233,0.56939,2.79163,6.6,6.8,6.8,6.7,6.6,1,0,0
6.7,772,42,-14.879,243.138,-5.859,12.482,0.660652,3.65284,6.7,6.6,6.8,6.8,6.7,0,1,0
6.8,773,43,-13.692,245.605,-5.663,8.1087,0.561796,4.41052,6.7,6.7,6.6,6.8,6.8,0,0,1
6.7,774,44,-17.076,248.099,-6.416,7.16569,0.683675,3.19183,6.8,6.7,6.7,6.6,6.8,0,0,0
6.8,775,45,-11.747,250.62,-5.558,8.24648,0.682681,1.49791,6.7,6.8,6.7,6.7,6.6,0,0,0
6.8,776,46,-10.287,253.166,-4.621,4.96821,0.628137,0.324997,6.8,6.7,6.8,6.7,6.7,0,0,0
6.9,777,47,-15.001,255.736,-4.207,13.0073,0.645571,0.263821,6.8,6.8,6.7,6.8,6.7,1.1,0,0
6.9,778,48,-15.377,258.328,-5.294,8.54825,0.306438,0.26229,6.9,6.8,6.8,6.7,6.8,0,1.1,0
6.8,779,49,-16.338,260.943,-5.04,14.4894,0.552573,0.253487,6.9,6.9,6.8,6.8,6.7,0,0,1.1
6.7,780,50,-22.293,263.577,-5.76,15.6144,0.432557,0.196205,6.8,6.9,6.9,6.8,6.8,0.5,0,0
6.7,781,51,-23.638,266.23,-6.198,11.9568,0.447977,0.199671,6.7,6.8,6.9,6.9,6.8,1.2,0.5,0
6.6,782,52,-23.048,268.902,-6.82,14.421,0.490877,0.222836,6.7,6.7,6.8,6.9,6.9,0.7,1.2,0.5
6.6,783,53,-19.728,271.59,-6.795,16.6071,0.522992,0.276511,6.6,6.7,6.7,6.8,6.9,0.4,0.7,1.2
6.6,784,54,-11.524,274.295,-5.904,25.1395,0.589201,0.447909,6.6,6.6,6.7,6.7,6.8,0,0.4,0.7
6.7,785,55,-10.668,277.014,-5.803,28.3536,0.522231,0.59658,6.6,6.6,6.6,6.7,6.7,0,0,0.4
6.8,786,56,-8.545,279.746,-5.186,23.0475,0.523646,0.67773,6.7,6.6,6.6,6.6,6.7,0,0,0
6.8,787,57,-10.899,282.491,-4.618,14.1573,0.605864,0.658127,6.8,6.7,6.6,6.6,6.6,0,0,0
7.1,788,58,-10.393,285.246,-3.246,21.2843,0.438394,0.682599,6.8,6.8,6.7,6.6,6.6,1.2,0,0
7.1,789,59,-14.086,288.012,-4.134,20.4591,0.42709,0.639007,7.1,6.8,6.8,6.7,6.6,0,1.2,0
7,790,60,-15.596,290.787,-4.94,21.5586,0.606545,0.649519,7.1,7.1,6.8,6.8,6.7,0,0,1.2
7,791,61,-13.805,293.569,-4.692,15.3606,0.251223,0.645143,7,7.1,7.1,6.8,6.8,0,0,0
6.9,792,62,-17.289,296.358,-5.574,26.5106,0.563059,0.577802,7,7,7.1,7.1,6.8,0.2,0,0
6.8,793,63,-18.122,299.152,-6.873,20.5053,0.711227,0.574613,6.9,7,7,7.1,7.1,0,0.2,0
6.8,794,64,-17.648,301.952,-6.249,16.7553,0.782917,0.664371,6.8,6.9,7,7,7.1,0,0,0.2
6.8,795,65,-19.749,304.754,-5.705,14.2161,0.77149,0.677152,6.8,6.8,6.9,7,7,0,0,0
6.9,796,66,-15.636,307.559,-4.861,17.1369,0.811167,0.74528,6.8,6.8,6.8,6.9,7,0,0,0
6.9,797,67,-13.553,310.365,-4.513,15.6281,0.822779,0.676202,6.9,6.8,6.8,6.8,6.9,0,0,0
6.9,798,68,-8.031,313.171,-4.566,16.0523,0.756256,0.644097,6.9,6.9,6.8,6.8,6.8,0,0,0
7.1,799,69,-10.149,315.977,-2.47,14.2202,0.744324,0.487773,6.9,6.9,6.9,6.8,6.8,0,0,0
6.9,800,70,-9.605,318.781,-1.6,12.6473,0.773911,0.388779,7.1,6.9,6.9,6.9,6.8,0,0,0
7.2,801,71,-9.003,321.582,-1.444,9.90709,0.697917,0.300547,6.9,7.1,6.9,6.9,6.9,0,0,0
8.5,802,72,-7.734,324.379,-2.001,13.6857,0.719444,0.238772,7.2,6.9,7.1,6.9,6.9,0,0,0
9.5,803,73,-7.028,327.171,-2.663,11.2128,0.491703,0.164677,8.5,7.2,6.9,7.1,6.9,0,0,0
13.4,804,74,-5.48,329.958,-2.307,8.02675,0.477271,0.133432,9.5,8.5,7.2,6.9,7.1,0,0,0
14.2,805,75,-5.184,332.739,-1.379,20.3253,0.479025,0.104017,13.4,9.5,8.5,7.2,6.9,2.9,0,0
13.5,806,76,-8.14,335.512,-1.444,19.7826,0.508335,0.208866,14.2,13.4,9.5,8.5,7.2,9,2.9,0
12.1,807,77,-9.292,338.276,-0.835,26.4523,0.71715,0.438916,13.5,14.2,13.4,9.5,8.5,0.7,9,2.9
13.3,808,78,-7.136,341.031,-0.81,24.3265,0.641312,0.685906,12.1,13.5,14.2,13.4,9.5,0.1,0.7,9
12.6,809,79,-2.926,343.776,-0.452,26.7969,0.530657,0.951239,13.3,12.1,13.5,14.2,13.4,0,0.1,0.7
12.3,810,80,-2.833,346.51,-0.376,34.76,0.554873,0.975025,12.6,13.3,12.1,13.5,14.2,3.6,0,0.1
14,811,81,-4.89,349.232,-0.409,44.4713,0.381036,0.846145,12.3,12.6,13.3,12.1,13.5,0.8,3.6,0
15.3,812,82,-6.024,351.942,-0.436,28.9265,0.430628,0.798073,14,12.3,12.6,13.3,12.1,0.8,0.8,3.6
15.9,813,83,-7.262,354.639,-0.35,31.3508,0.442842,0.863595,15.3,14,12.3,12.6,13.3,0.3,0.8,0.8
17,814,84,-6.978,357.322,-0.303,30.5243,0.469301,0.87307,15.9,15.3,14,12.3,12.6,0,0.3,0.8
14.9,815,85,-6.797,359.989,-0.072,32.7447,0.399162,0.772777,17,15.9,15.3,14,12.3,0,0,0.3
11.3,816,86,-4.847,362.64,0.224,37.0146,0.504214,0.635674,14.9,17,15.9,15.3,14,2.1,0,0
15.3,817,87,-4.523,365.275,0.162,29.3961,0.520427,0.466703,11.3,14.9,17,15.9,15.3,3.9,2.1,0
20.9,818,88,-3.704,367.894,0.315,41.3794,0.625233,0.47422,15.3,11.3,14.9,17,15.9,5.3,3.9,2.1
21,819,89,-3.283,370.495,0.845,31.8485,0.487858,0.631162,20.9,15.3,11.3,14.9,17,0.1,5.3,3.9
20.4,820,90,-5.716,373.077,0.484,35.9418,0.500353,0.749853,21,20.9,15.3,11.3,14.9,0,0.1,5.3
20,821,91,-5.969,375.641,0.566,40.2248,0.348004,0.815272,20.4,21,20.9,15.3,11.3,1,0,0.1
19.6,822,92,-5.298,378.184,0.199,26.6389,0.531984,0.986709,20,20.4,21,20.9,15.3,1,1,0
19.4,823,93,-6.463,380.708,0.754,61.3559,0.746437,1.34875,19.6,20,20.4,21,20.9,3.3,1,1
19.6,824,94,-7.209,383.211,1.033,52.7942,0.87937,1.55342,19.4,19.6,20,20.4,21,0,3.3,1
21.4,825,95,-6.942,385.693,1.243,45.2287,0.678706,1.46269,19.6,19.4,19.6,20,20.4,0,0,3.3
26.4,826,96,-2.749,388.152,1.422,54.1273,0.673168,1.56492,21.4,19.6,19.4,19.6,20,0,0,0
31.3,827,97,-2.014,390.588,2.274,45.6037,0.530631,1.48841,26.4,21.4,19.6,19.4,19.6,0,0,0
34.3,828,98,-1.021,393.003,2.103,38.784,0.486339,1.28596,31.3,26.4,21.4,19.6,19.4,0,0,0
36.4,829,99,-2.495,395.393,0.515,25.7478,0.431778,0.92768,34.3,31.3,26.4,21.4,19.6,0,0,0
35.3,830,100,-7.893,397.759,0.642,38.0666,0.594039,0.72944,36.4,34.3,31.3,26.4,21.4,0.3,0,0
35,831,101,-6.187,400.101,0.085,19.9888,0.442249,0.608313,35.3,36.4,34.3,31.3,26.4,0.5,0.3,0
33.7,832,102,-9.673,402.417,-0.146,22.6061,0.339677,0.774913,35,35.3,36.4,34.3,31.3,1.3,0.5,0.3
33.6,833,103,-11.156,404.709,0.076,42.0182,0.640295,1.41675,33.7,35,35.3,36.4,34.3,0,1.3,0.5
33.9,834,104,-8.428,406.975,-0.076,46.9345,0.795177,1.71177,33.6,33.7,35,35.3,36.4,0,0,1.3
33.6,835,105,-4.789,409.214,0.692,51.3925,0.744683,1.37731,33.9,33.6,33.7,35,35.3,0.1,0,0
34.2,836,106,-6.075,411.427,1.3,51.062,0.846122,1.21407,33.6,33.9,33.6,33.7,35,0,0.1,0
36.1,837,107,-4.766,413.612,1.203,31.9614,0.748212,1.1559,34.2,33.6,33.9,33.6,33.7,0.9,0,0.1
37.6,838,108,-3.467,415.77,2.104,53.3139,0.908067,1.21684,36.1,34.2,33.6,33.9,33.6,0.6,0.9,0
39.2,839,109,-2.98,417.9,1.146,51.5989,1.01593,1.20585,37.6,36.1,34.2,33.6,33.9,0,0.6,0.9
38.4,840,110,-4.015,420.002,0.48,72.1315,1.09586,1.22738,39.2,37.6,36.1,34.2,33.6,0,0,0.6
38.1,841,111,-2.305,422.076,1.838,64.1216,0.933538,1.65023,38.4,39.2,37.6,36.1,34.2,0,0,0
38.3,842,112,-0.279,424.121,3.206,71.1523,0.760281,1.97488,38.1,38.4,39.2,37.6,36.1,0,0,0
38,843,113,-0.743,426.137,2.01,47.7056,0.92289,2.07134,38.3,38.1,38.4,39.2,37.6,0,0,0
37.6,844,114,-2.821,428.123,2.295,57.2203,0.989636,1.84549,38,38.3,38.1,38.4,39.2,0,0,0
37.2,845,115,-3.95,430.079,2.466,49.5943,1.0539,1.62634,37.6,38,38.3,38.1,38.4,0,0,0
36.5,846,116,-3.184,432.006,2.451,60.6605,0.981187,1.62594,37.2,37.6,38,38.3,38.1,0,0,0
36.2,847,117,-0.562,433.902,3.319,60.3961,1.00492,1.78328,36.5,37.2,37.6,38,38.3,0,0,0
35.7,848,118,-0.977,435.767,3.781,58.7535,0.864992,1.84085,36.2,36.5,37.2,37.6,38,0,0,0
35.3,849,119,0.863,437.602,3.941,40.9209,0.83811,2.01628,35.7,36.2,36.5,37.2,37.6,0,0,0
34.8,850,120,0.694,439.405,3.99,41.3502,0.950889,2.22917,35.3,35.7,36.2,36.5,37.2,0,0,0
34.4,851,121,1.414,441.178,4.34,31.6914,1.23085,2.33058,34.8,35.3,35.7,36.2,36.5,0,0,0
34,852,122,-1.501,442.919,3.844,43.5406,1.42298,2.38223,34.4,34.8,35.3,35.7,36.2,1.6,0,0
33.8,853,123,-0.167,444.628,4.517,59.4094,1.09506,2.92104,34,34.4,34.8,35.3,35.7,0.1,1.6,0
33.4,854,124,-1.016,446.306,4.56,34.8122,1.09178,2.88058,33.8,34,34.4,34.8,35.3,0.4,0.1,1.6
33.1,855,125,-1.668,447.951,4.049,47.5606,1.21162,2.39165,33.4,33.8,34,34.4,34.8,0.1,0.4,0.1
32.6,856,126,-4.637,449.564,2.489,104.273,1.91207,1.85805,33.1,33.4,33.8,34,34.4,0.2,0.1,0.4
32,857,127,-2.425,451.144,2.746,92.1062,1.66452,1.95498,32.6,33.1,33.4,33.8,34,0,0.2,0.1
31.3,858,128,0.287,452.692,3.77,99.9756,1.88145,1.94968,32,32.6,33.1,33.4,33.8,0,0,0.2
30.7,859,129,-1.731,454.207,4.342,71.7768,1.73235,1.92906,31.3,32,32.6,33.1,33.4,0,0,0
30.3,860,130,2.167,455.69,5.073,57.1663,1.46549,2.03419,30.7,31.3,32,32.6,33.1,0.6,0,0
29.9,861,131,-1.827,457.139,4.428,55.121,1.64548,1.96175,30.3,30.7,31.3,32,32.6,0,0.6,0
29.4,862,132,-1.415,458.555,5.221,64.7406,1.82581,2.04165,29.9,30.3,30.7,31.3,32,0.1,0,0.6
29,863,133,0.193,459.937,5.297,47.1273,1.704,1.95534,29.4,29.9,30.3,30.7,31.3,0,0.1,0
28.5,864,134,0.996,461.286,5.188,49.2871,1.29981,1.97115,29,29.4,29.9,30.3,30.7,0,0,0.1
28.2,865,135,0.623,462.602,5.364,42.5649,1.64378,1.82321,28.5,29,29.4,29.9,30.3,5.9,0,0
28.6,866,136,1.589,463.884,6.706,74.6296,1.53961,2.07601,28.2,28.5,29,29.4,29.9,2.3,5.9,0
29.7,867,137,-0.03,465.131,4.629,61.5197,1.51013,1.61188,28.6,28.2,28.5,29,29.4,9.5,2.3,5.9
31,868,138,-1.843,466.345,3.114,22.692,1.26851,1.60702,29.7,28.6,28.2,28.5,29,2.5,9.5,2.3
31.1,869,139,-0.144,467.524,3.747,34.5144,1.373,1.99889,31,29.7,28.6,28.2,28.5,1.1,2.5,9.5
31.1,870,140,0.172,468.671,5.088,77.4727,1.55652,2.43277,31.1,31,29.7,28.6,28.2,1.7,1.1,2.5
30.7,871,141,-1.567,469.782,4.756,42.476,1.53847,2.17381,31.1,31.1,31,29.7,28.6,1.4,1.7,1.1
30.4,872,142,-2.227,470.859,4.865,61.6395,1.72084,2.1621,30.7,31.1,31.1,31,29.7,0.1,1.4,1.7
30.2,873,143,0.735,471.901,2.844,32.1919,1.3814,1.67564,30.4,30.7,31.1,31.1,31,16.4,0.1,1.4
32.2,874,144,-1.2,472.91,3.244,44.6717,1.73935,1.45196,30.2,30.4,30.7,31.1,31.1,0.4,16.4,0.1
32.1,875,145,-2.155,473.884,4.375,62.3631,2.35659,1.02065,32.2,30.2,30.4,30.7,31.1,0.1,0.4,16.4
31.4,876,146,-1.006,474.822,4.914,47.8793,1.92362,0.85631,32.1,32.2,30.2,30.4,30.7,2.8,0.1,0.4
31.3,877,147,0.829,475.727,5.894,73.5867,2.13369,1.06034,31.4,32.1,32.2,30.2,30.4,0.5,2.8,0.1
30.8,878,148,0.884,476.598,5.685,51.0072,2.03278,1.44334,31.3,31.4,32.1,32.2,30.2,1.4,0.5,2.8
30.6,879,149,3.396,477.432,7.211,71.4084,2.94651,2.08809,30.8,31.3,31.4,32.1,32.2,0.3,1.4,0.5
30.1,880,150,0.406,478.232,6.335,66.4071,2.42309,2.21396,30.6,30.8,31.3,31.4,32.1,0,0.3,1.4
29.7,881,151,2.787,478.997,7.413,71.547,2.90571,2.66981,30.1,30.6,30.8,31.3,31.4,0.2,0,0.3
29.3,882,152,4.505,479.728,8.897,109.79,3.37858,2.89574,29.7,30.1,30.6,30.8,31.3,0,0.2,0
28.7,883,153,1.292,480.424,8.564,91.2754,3.71287,2.7209,29.3,29.7,30.1,30.6,30.8,0,0,0.2
28.2,884,154,2.477,481.084,9.237,66.6953,3.81411,3.01325,28.7,29.3,29.7,30.1,30.6,0,0,0
27.7,885,155,2.596,481.71,8.758,81.0496,3.70955,3.63153,28.2,28.7,29.3,29.7,30.1,0.1,0,0
27.4,886,156,1.494,482.3,7.799,25.8561,3.15118,3.53237,27.7,28.2,28.7,29.3,29.7,2.9,0.1,0
27.5,887,157,3.001,482.856,8.861,104.137,3.94696,4.48327,27.4,27.7,28.2,28.7,29.3,0,2.9,0.1
27.2,888,158,-0.524,483.377,7.972,73.9346,3.77678,3.91287,27.5,27.4,27.7,28.2,28.7,0,0,2.9
26.7,889,159,1.968,483.862,8.085,101.719,4.14741,3.36185,27.2,27.5,27.4,27.7,28.2,0,0,0
26.4,890,160,5.112,484.312,8.302,47.6141,3.33201,2.59594,26.7,27.2,27.5,27.4,27.7,5.5,0,0
26.8,891,161,1.952,484.727,8.468,97.5963,4.61059,2.74085,26.4,26.7,27.2,27.5,27.4,5.4,5.5,0
27.1,892,162,3.461,485.107,9.377,67.1661,4.47253,2.83106,26.8,26.4,26.7,27.2,27.5,1,5.4,5.5
27.4,893,163,0.162,485.452,8.391,74.8369,4.39988,3.14418,27.1,26.8,26.4,26.7,27.2,2,1,5.4
27.3,894,164,1.962,485.762,8.886,79.5154,5.63382,3.47788,27.4,27.1,26.8,26.4,26.7,0,2,1
27,895,165,2.084,486.036,9.261,67.6658,4.55938,3.28624,27.3,27.4,27.1,26.8,26.4,2.7,0,2
27,896,166,3.794,486.276,9.49,74.8002,5.12051,3.54796,27,27.3,27.4,27.1,26.8,0.1,2.7,0
26.9,897,167,5.058,486.481,9.202,45.8889,4.18565,3.69781,27,27,27.3,27.4,27.1,2.6,0.1,2.7
26.9,898,168,2.99,486.65,8.711,94.881,6.50045,4.44968,26.9,27,27,27.3,27.4,0.1,2.6,0.1
26.8,899,169,3.613,486.784,9.168,56.4029,5.36062,5.31105,26.9,26.9,27,27,27.3,7.5,0.1,2.6
27.3,900,170,1.926,486.883,8.466,96.6859,6.18844,5.39294,26.8,26.9,26.9,27,27,0.7,7.5,0.1
27.5,901,171,3.866,486.947,9.666,77.9154,7.20385,4.64966,27.3,26.8,26.9,26.9,27,0,0.7,7.5
27.3,902,172,3.925,486.977,8.931,51.6964,4.96321,3.98176,27.5,27.3,26.8,26.9,26.9,2.3,0,0.7
27.3,903,173,5.302,486.971,11.242,107.026,6.75286,4.07522,27.3,27.5,27.3,26.8,26.9,1.5,2.3,0
27.1,904,174,4.143,486.93,11.833,118.805,7.25616,4.14511,27.3,27.3,27.5,27.3,26.8,7.4,1.5,2.3
29,905,175,6.106,486.854,11.279,59.7781,4.81907,3.93461,27.1,27.3,27.3,27.5,27.3,16.1,7.4,1.5
31.9,906,176,4.04,486.744,9.571,90.9922,7.19993,3.80985,29,27.1,27.3,27.3,27.5,8.6,16.1,7.4
32.2,907,177,2.753,486.599,9.935,147.098,7.35434,3.63765,31.9,29,27.1,27.3,27.3,0.8,8.6,16.1
30.8,908,178,2.221,486.419,9.887,121.77,7.63632,3.75216,32.2,31.9,29,27.1,27.3,0,0.8,8.6
30.3,909,179,5.485,486.204,10.871,84.8132,5.85648,3.7313,30.8,32.2,31.9,29,27.1,6.2,0,0.8
30.4,910,180,3.023,485.955,10.431,130.235,7.88233,4.23216,30.3,30.8,32.2,31.9,29,3.4,6.2,0
29.8,911,181,4.216,485.67,11.069,125.242,7.69811,5.09271,30.4,30.3,30.8,32.2,31.9,0,3.4,6.2
29.1,912,182,7.162,485.351,12.105,56.5275,6.06154,5.20122,29.8,30.4,30.3,30.8,32.2,0.9,0,3.4
28.8,913,183,5.574,484.998,10.029,30.4381,4.64854,4.13244,29.1,29.8,30.4,30.3,30.8,7.8,0.9,0
29.7,914,184,5.147,484.611,10.408,100.347,8.26082,4.70029,28.8,29.1,29.8,30.4,30.3,0.5,7.8,0.9
29.4,915,185,8.041,484.189,12.61,85.2437,5.99645,4.89383,29.7,28.8,29.1,29.8,30.4,1.1,0.5,7.8
30.2,916,186,7.177,483.732,10.667,26.3678,4.31706,4.89671,29.4,29.7,28.8,29.1,29.8,11.4,1.1,0.5
31.2,917,187,6.749,483.241,11.751,91.17,8.12247,6.39805,30.2,29.4,29.7,28.8,29.1,3.5,11.4,1.1
31,918,188,9.516,482.717,13.88,88.6129,7.34577,7.40596,31.2,30.2,29.4,29.7,28.8,1.8,3.5,11.4
31.8,919,189,9.123,482.157,12.67,25.1315,2.52074,6.66198,31,31.2,30.2,29.4,29.7,8.2,1.8,3.5
31.4,920,190,8.137,481.565,12.28,69.9579,6.28903,6.28031,31.8,31,31.2,30.2,29.4,1.4,8.2,1.8
32.6,921,191,6.236,480.938,10.3,35.403,4.28558,4.90381,31.4,31.8,31,31.2,30.2,15.6,1.4,8.2
32.2,922,192,2.295,480.277,10.337,123.005,8.96518,5.04332,32.6,31.4,31.8,31,31.2,0.1,15.6,1.4
31,923,193,2.143,479.583,12.089,124.209,8.86112,5.44391,32.2,32.6,31.4,31.8,31,0,0.1,15.6
29.9,924,194,3.928,478.855,12.918,138.402,8.37643,5.51818,31,32.2,32.6,31.4,31.8,0,0,0.1
28.8,925,195,6,478.094,13.156,122.801,8.09737,5.02972,29.9,31,32.2,32.6,31.4,0,0,0
27.8,926,196,5.951,477.298,13.723,140.27,8.90352,4.77179,28.8,29.9,31,32.2,32.6,0.3,0,0
26.8,927,197,3.66,476.471,13.298,128.009,8.50296,4.44527,27.8,28.8,29.9,31,32.2,0,0.3,0
25.8,928,198,4.405,475.609,14.188,150.635,9.36606,5.21375,26.8,27.8,28.8,29.9,31,0.1,0,0.3
24.9,929,199,8.252,474.714,15.471,134.714,8.5866,6.76446,25.8,26.8,27.8,28.8,29.9,0,0.1,0
24.1,930,200,10.595,473.787,16.279,125.553,9.29569,6.88221,24.9,25.8,26.8,27.8,28.8,0.3,0,0.1
23.7,931,201,6.8,472.826,12.621,28.939,4.1392,4.41918,24.1,24.9,25.8,26.8,27.8,11.1,0.3,0
24.6,932,202,2.392,471.832,9.648,43.9728,4.9117,3.42638,23.7,24.1,24.9,25.8,26.8,4.9,11.1,0.3
26.1,933,203,0.718,470.806,10.105,143.661,8.9297,4.30471,24.6,23.7,24.1,24.9,25.8,0.1,4.9,11.1
26,934,204,5.501,469.748,11.854,81.6647,9.28075,4.99957,26.1,24.6,23.7,24.1,24.9,0.1,0.1,4.9
25.6,935,205,5.739,468.656,13.396,112.425,10.5873,5.87129,26,26.1,24.6,23.7,24.1,0.2,0.1,0.1
24.9,936,206,6.04,467.534,14.384,153.088,9.79031,7.45029,25.6,26,26.1,24.6,23.7,1.4,0.2,0.1
24.3,937,207,8.765,466.378,14.909,165.687,9.34006,9.81696,24.9,25.6,26,26.1,24.6,0,1.4,0.2
27.8,938,208,9.545,465.19,13.143,30.3105,5.25882,9.96344,24.3,24.9,25.6,26,26.1,28.9,0,1.4
31,939,209,9.102,463.97,14.147,101.288,9.46242,10.109,27.8,24.3,24.9,25.6,26,0.1,28.9,0
30,940,210,9.896,462.72,15.37,97.7344,8.05289,9.09211,31,27.8,24.3,24.9,25.6,9.9,0.1,28.9
31.3,941,211,9.044,461.438,14.571,58.4761,7.19572,6.92626,30,31,27.8,24.3,24.9,8.2,9.9,0.1
32.1,942,212,8.648,460.124,13.799,63.002,7.09875,7.29672,31.3,30,31,27.8,24.3,5.2,8.2,9.9
31.4,943,213,6.35,458.778,14.135,112.391,8.60029,10.1468,32.1,31.3,30,31,27.8,0.2,5.2,8.2
30.5,944,214,8.822,457.401,14.511,70.6392,7.78761,10.0484,31.4,32.1,31.3,30,31,1.1,0.2,5.2
29.8,945,215,7.089,455.994,13.566,139.304,9.42873,6.93486,30.5,31.4,32.1,31.3,30,0,1.1,0.2
28.9,946,216,4.341,454.555,12.778,146.985,10.008,5.98279,29.8,30.5,31.4,32.1,31.3,0,0,1.1
27.9,947,217,4.413,453.087,12.46,81.3235,8.62474,6.64501,28.9,29.8,30.5,31.4,32.1,2.4,0,0
28.7,948,218,6.685,451.588,11.202,35.9323,6.20108,7.53094,27.9,28.9,29.8,30.5,31.4,14.9,2.4,0
30.7,949,219,7.382,450.059,12.473,90.5632,8.97888,11.2785,28.7,27.9,28.9,29.8,30.5,0,14.9,2.4
29.9,950,220,8.88,448.499,14.723,125.992,10.0279,12.9713,30.7,28.7,27.9,28.9,29.8,0,0,14.9
29,951,221,10.334,446.91,15.832,133.38,9.24993,12.7008,29.9,30.7,28.7,27.9,28.9,0.4,0,0
28.1,952,222,10.603,445.291,16.486,116.294,7.91496,12.3673,29,29.9,30.7,28.7,27.9,0.2,0.4,0
27.2,953,223,9.877,443.643,14.947,46.2869,6.52358,10.7962,28.1,29,29.9,30.7,28.7,1.2,0.2,0.4
27.1,954,224,8.769,441.965,14.287,97.4892,8.10478,9.99637,27.2,28.1,29,29.9,30.7,12.1,1.2,0.2
28.2,955,225,7.872,440.258,15.481,134.537,8.91513,9.99854,27.1,27.2,28.1,29,29.9,0,12.1,1.2
27.9,956,226,8.693,438.523,15.903,138.086,8.16414,9.85358,28.2,27.1,27.2,28.1,29,0,0,12.1
27.4,957,227,8.924,436.759,14.05,20.9596,3.61857,6.79429,27.9,28.2,27.1,27.2,28.1,13.2,0,0
30.7,958,228,6.272,434.967,11.693,36.6096,5.6295,5.7945,27.4,27.9,28.2,27.1,27.2,16.9,13.2,0
32.8,959,229,5.719,433.145,11.998,81.9958,8.29755,7.47734,30.7,27.4,27.9,28.2,27.1,3,16.9,13.2
31.5,960,230,5.134,431.297,12.547,114.425,9.15043,7.53014,32.8,30.7,27.4,27.9,28.2,4.3,3,16.9
31.2,961,231,6.16,429.422,13.136,61.2563,7.07243,5.53829,31.5,32.8,30.7,27.4,27.9,0,4.3,3
30.6,962,232,6.223,427.518,12.377,53.4206,6.51879,3.98996,31.2,31.5,32.8,30.7,27.4,1.9,0,4.3
30.1,963,233,4.387,425.587,11.344,105.498,8.7177,3.02845,30.6,31.2,31.5,32.8,30.7,0,1.9,0
30,964,234,3.932,423.631,10.242,34.067,4.37941,3.21653,30.1,30.6,31.2,31.5,32.8,12.9,0,1.9
31.7,965,235,4.27,421.647,10.617,123.008,7.51014,5.08633,30,30.1,30.6,31.2,31.5,2.1,12.9,0
30.7,966,236,2.462,419.637,11.716,127.475,7.17736,5.92957,31.7,30,30.1,30.6,31.2,0.1,2.1,12.9
29.8,967,237,2.321,417.602,11.513,94.7502,6.85651,6.01339,30.7,31.7,30,30.1,30.6,2.5,0.1,2.1
29.3,968,238,2.605,415.541,11.585,90.7584,7.19803,5.87653,29.8,30.7,31.7,30,30.1,0,2.5,0.1
28.7,969,239,3.318,413.454,11.787,79.038,6.91938,5.38637,29.3,29.8,30.7,31.7,30,0.3,0,2.5
28.1,970,240,5.5,411.342,12.174,53.1963,7.36198,5.385,28.7,29.3,29.8,30.7,31.7,0.2,0.3,0
27.7,971,241,4.526,409.206,11.653,90.5438,7.13794,5.28306,28.1,28.7,29.3,29.8,30.7,0.3,0.2,0.3
27.1,972,242,4.287,407.045,12.163,107.7,7.47513,5.32694,27.7,28.1,28.7,29.3,29.8,0,0.3,0.2
26.5,973,243,7.169,404.86,12.878,54.0567,6.49969,5.63211,27.1,27.7,28.1,28.7,29.3,1.8,0,0.3
26.3,974,244,5.688,402.652,13.062,112.766,6.23973,5.90826,26.5,27.1,27.7,28.1,28.7,2.2,1.8,0
26.8,975,245,6.812,400.422,12.453,42.1279,4.97626,5.88016,26.3,26.5,27.1,27.7,28.1,4.6,2.2,1.8
28.1,976,246,5.285,398.168,11.971,80.7078,6.31052,6.54618,26.8,26.3,26.5,27.1,27.7,1.5,4.6,2.2
28.1,977,247,3.618,395.892,10.029,32.8346,4.32023,6.73494,28.1,26.8,26.3,26.5,27.1,0.5,1.5,4.6
28.6,978,248,3.83,393.593,10.302,62.0988,5.33812,6.54029,28.1,28.1,26.8,26.3,26.5,0.7,0.5,1.5
28.4,979,249,1.242,391.272,9.782,54.3005,4.89838,4.38444,28.6,28.1,28.1,26.8,26.3,0.4,0.7,0.5
28,980,250,-0.201,388.932,7.742,71.7664,5.16416,4.02107,28.4,28.6,28.1,28.1,26.8,5.4,0.4,0.7
27.7,981,251,-0.476,386.57,7.556,89.2329,5.02851,5.22414,28,28.4,28.6,28.1,28.1,0,5.4,0.4
27.2,982,252,-0.922,384.188,8.486,97.8024,4.67974,5.13891,27.7,28,28.4,28.6,28.1,0,0,5.4
26.6,983,253,1.908,381.787,10.064,87.5628,4.32064,3.80875,27.2,27.7,28,28.4,28.6,0,0,0
25.9,984,254,4.083,379.365,11.032,87.5689,4.73336,3.04207,26.6,27.2,27.7,28,28.4,0,0,0
25.5,985,255,6.059,376.925,10.016,17.3284,1.35337,2.76315,25.9,26.6,27.2,27.7,28,6.1,0,0
29.6,986,256,2.588,374.466,7.479,42.4167,2.79512,3.90278,25.5,25.9,26.6,27.2,27.7,16.7,6.1,0
30.8,987,257,4.25,371.991,9.947,66.4941,4.81771,7.49612,29.6,25.5,25.9,26.6,27.2,0,16.7,6.1
30,988,258,5.341,369.498,10.27,38.1879,3.59128,9.31201,30.8,29.6,25.5,25.9,26.6,0,0,16.7
30.6,989,259,4.863,366.987,10.073,64.035,3.03811,9.40704,30,30.8,29.6,25.5,25.9,12.7,0,0
31,990,260,1.992,364.461,9.35,69.3639,3.81371,7.76175,30.6,30,30.8,29.6,25.5,0.3,12.7,0
30.3,991,261,2.842,361.919,9.982,76.4857,3.66707,4.96545,31,30.6,30,30.8,29.6,0,0.3,12.7
29.6,992,262,1.884,359.362,8.914,55.8274,3.64231,3.36558,30.3,31,30.6,30,30.8,0,0,0.3
29,993,263,3,356.791,8.754,47.1751,3.18623,3.13655,29.6,30.3,31,30.6,30,5.2,0,0
30.7,994,264,2.748,354.206,8.863,82.8036,3.60335,2.98112,29,29.6,30.3,31,30.6,7.4,5.2,0
30.4,995,265,1.212,351.608,8.656,67.8517,3.64363,2.86655,30.7,29,29.6,30.3,31,0,7.4,5.2
29.8,996,266,0.976,348.996,8.583,64.0486,3.16382,2.72503,30.4,30.7,29,29.6,30.3,2.1,0,7.4
29.4,997,267,2.57,346.374,8.335,75.3361,3.54214,2.75372,29.8,30.4,30.7,29,29.6,0.1,2.1,0
29.5,998,268,3.063,343.741,8.783,31.4852,2.55468,2.4893,29.4,29.8,30.4,30.7,29,10.1,0.1,2.1
31.3,999,269,1.341,341.097,8.248,59.6743,3.56498,2.36526,29.5,29.4,29.8,30.4,30.7,4.1,10.1,0.1
30.9,1000,270,3.499,338.443,9.601,46.2746,2.40095,2.17396,31.3,29.5,29.4,29.8,30.4,1.7,4.1,10.1
30.7,1001,271,5.186,335.779,8.864,23.6373,1.35599,1.72981,30.9,31.3,29.5,29.4,29.8,1.4,1.7,4.1
31.4,1002,272,5.42,333.108,8.168,19.3252,0.956874,1.4329,30.7,30.9,31.3,29.5,29.4,8.1,1.4,1.7
32.9,1003,273,2.259,330.43,7.448,27.5123,1.54566,1.12832,31.4,30.7,30.9,31.3,29.5,11.4,8.1,1.4
33.2,1004,274,1.723,327.744,6.596,29.0513,1.63641,0.98638,32.9,31.4,30.7,30.9,31.3,10,11.4,8.1
32.7,1005,275,1.317,325.052,6.213,18.1641,1.1069,0.891362,33.2,32.9,31.4,30.7,30.9,4,10,11.4
32.8,1006,276,-0.875,322.355,4.444,34.5094,1.54986,1.03186,32.7,33.2,32.9,31.4,30.7,11.7,4,10
32.1,1007,277,0.477,319.654,5.809,35.8921,1.75629,1.5556,32.8,32.7,33.2,32.9,31.4,0.6,11.7,4
31.3,1008,278,-2.287,316.95,6.227,36.8307,1.51475,1.87314,32.1,32.8,32.7,33.2,32.9,0.1,0.6,11.7
30.7,1009,279,-2.282,314.243,5.028,32.1249,1.23509,2.15369,31.3,32.1,32.8,32.7,33.2,1,0.1,0.6
30.3,1010,280,-1.866,311.533,5.013,44.2492,1.46783,2.11994,30.7,31.3,32.1,32.8,32.7,0,1,0.1
29.9,1011,281,-5.082,308.823,4.337,29.067,1.46505,1.78355,30.3,30.7,31.3,32.1,32.8,0,0,1
29.5,1012,282,-4.841,306.113,3.964,34.1282,1.59959,1.70255,29.9,30.3,30.7,31.3,32.1,0.1,0,0
29.2,1013,283,-3.823,303.404,4.621,37.0092,1.35677,1.75911,29.5,29.9,30.3,30.7,31.3,0.1,0.1,0
28.8,1014,284,-4.086,300.697,3.806,18.9912,1.24547,1.56661,29.2,29.5,29.9,30.3,30.7,0.6,0.1,0.1
28.5,1015,285,-1.344,297.992,4.244,33.221,1.27181,1.59713,28.8,29.2,29.5,29.9,30.3,0,0.6,0.1
28.3,1016,286,-1.243,295.291,4.086,17.5814,0.866643,1.46437,28.5,28.8,29.2,29.5,29.9,1.5,0,0.6
28.2,1017,287,-3.22,292.595,3.88,30.8168,1.0389,1.43382,28.3,28.5,28.8,29.2,29.5,0.1,1.5,0
28.2,1018,288,-4.716,289.905,4.197,20.4479,1.07056,1.4863,28.2,28.3,28.5,28.8,29.2,0,0.1,1.5
28,1019,289,-6.257,287.221,3.322,20.9916,1.0271,1.70899,28.2,28.2,28.3,28.5,28.8,0,0,0.1
27.8,1020,290,-5.554,284.544,3.044,28.5432,1.06282,2.02592,28,28.2,28.2,28.3,28.5,0,0,0
27.6,1021,291,-2.973,281.876,3.781,20.5427,1.09129,2.35191,27.8,28,28.2,28.2,28.3,0,0,0
27.5,1022,292,-0.438,279.218,4.763,16.5469,0.857156,2.34999,27.6,27.8,28,28.2,28.2,0,0,0
27.4,1023,293,-2.462,276.572,3.826,14.1167,0.42669,1.85182,27.5,27.6,27.8,28,28.2,3,0,0
27.6,1024,294,-4.281,273.936,2.412,19.7868,0.669319,1.45745,27.4,27.5,27.6,27.8,28,5,3,0
28.2,1025,295,-3.813,271.314,2.526,18.2216,0.706727,1.3653,27.6,27.4,27.5,27.6,27.8,1.2,5,3
28.7,1026,296,-5.609,268.705,1.704,38.4648,0.819635,1.25965,28.2,27.6,27.4,27.5,27.6,0,1.2,5
28.6,1027,297,-7.582,266.111,0.721,27.5955,0.73465,1.26762,28.7,28.2,27.6,27.4,27.5,0,0,1.2
28.3,1028,298,-9.481,263.532,0.411,21.8879,0.879735,1.20025,28.6,28.7,28.2,27.6,27.4,0,0,0
28.1,1029,299,-7.877,260.972,0.351,17.4542,0.829407,1.17371,28.3,28.6,28.7,28.2,27.6,0,0,0
27.9,1030,300,-6.362,258.43,0.381,10.7875,0.359291,1.07255,28.1,28.3,28.6,28.7,28.2,0.2,0,0
27.7,1031,301,-6.116,255.906,0.337,18.1344,0.76816,1.00242,27.9,28.1,28.3,28.6,28.7,2.3,0.2,0
27.7,1032,302,-6.598,253.403,0.437,23.8392,0.488355,0.978006,27.7,27.9,28.1,28.3,28.6,1.8,2.3,0.2
27.7,1033,303,-10.505,250.922,0.206,27.7553,0.746412,0.971883,27.7,27.7,27.9,28.1,28.3,0,1.8,2.3
27.5,1034,304,-9.457,248.462,-0.108,17.0251,0.694924,1.06553,27.7,27.7,27.7,27.9,28.1,0,0,1.8
27.3,1035,305,-6.387,246.027,-0.165,13.672,0.668535,1.20168,27.5,27.7,27.7,27.7,27.9,0,0,0
27.1,1036,306,-8.722,243.616,-0.142,19.7233,0.762025,1.20279,27.3,27.5,27.7,27.7,27.7,0,0,0
27,1037,307,-8.97,241.23,-0.189,16.1559,0.7383,1.20796,27.1,27.3,27.5,27.7,27.7,0,0,0
26.9,1038,308,-6.691,238.872,-0.214,17.6803,0.76611,1.23811,27,27.1,27.3,27.5,27.7,0,0,0
26.7,1039,309,-7.53,236.542,-0.27,15.6915,0.638973,1.07213,26.9,27,27.1,27.3,27.5,0,0,0
26.5,1040,310,-8.179,234.241,-0.342,21.0622,0.650623,0.943137,26.7,26.9,27,27.1,27.3,0,0,0
26.2,1041,311,-6.973,231.969,-0.608,17.6804,0.499099,0.945875,26.5,26.7,26.9,27,27.1,0,0,0
25.7,1042,312,-9.276,229.729,-0.897,14.8336,0.687959,0.870136,26.2,26.5,26.7,26.9,27,0,0,0
25.2,1043,313,-8.957,227.521,-0.833,15.0888,0.601097,0.806919,25.7,26.2,26.5,26.7,26.9,0,0,0
24.9,1044,314,-9.994,225.346,-0.904,12.0736,0.601173,0.700844,25.2,25.7,26.2,26.5,26.7,0,0,0
24.5,1045,315,-10.626,223.205,-0.905,11.3772,0.566268,0.607745,24.9,25.2,25.7,26.2,26.5,0,0,0
24.3,1046,316,-8.188,221.1,-0.969,11.7648,0.550895,0.646001,24.5,24.9,25.2,25.7,26.2,0,0,0
24.1,1047,317,-8.12,219.03,-0.788,10.2896,0.503783,0.655861,24.3,24.5,24.9,25.2,25.7,0,0,0
24.1,1048,318,-7.826,216.998,-0.43,17.3613,0.382816,0.612166,24.1,24.3,24.5,24.9,25.2,3,0,0
24.2,1049,319,-7.203,215.004,-0.528,13.0927,0.409276,0.627412,24.1,24.1,24.3,24.5,24.9,0.1,3,0
24.3,1050,320,-8.173,213.049,-0.399,17.591,0.372006,0.577379,24.2,24.1,24.1,24.3,24.5,2.2,0.1,3
24.4,1051,321,-10.016,211.135,-0.689,13.6982,0.410809,0.549957,24.3,24.2,24.1,24.1,24.3,0.1,2.2,0.1
24.3,1052,322,-10.085,209.261,-0.889,9.74885,0.10733,0.537263,24.4,24.3,24.2,24.1,24.1,0,0.1,2.2
23.9,1053,323,-12.337,207.43,-0.956,12.7216,0.275736,0.474792,24.3,24.4,24.3,24.2,24.1,1.2,0,0.1
23.4,1054,324,-16.379,205.641,-1.503,14.0781,0.410264,0.433306,23.9,24.3,24.4,24.3,24.2,0,1.2,0
22.5,1055,325,-14.947,203.896,-1.955,11.021,0.414333,0.464899,23.4,23.9,24.3,24.4,24.3,0,0,1.2
21.6,1056,326,-14.085,202.196,-2.167,11.0993,0.391526,0.46863,22.5,23.4,23.9,24.3,24.4,0,0,0
20.9,1057,327,-16.215,200.54,-2.163,16.8163,0.297328,0.392421,21.6,22.5,23.4,23.9,24.3,0,0,0
19.9,1058,328,-21.115,198.931,-3.873,11.4491,0.358299,0.33426,20.9,21.6,22.5,23.4,23.9,0,0,0
17.9,1059,329,-19.029,197.37,-4.05,11.3258,0.439076,0.392386,19.9,20.9,21.6,22.5,23.4,0,0,0
13.8,1060,330,-14.892,195.855,-4.031,12.7467,0.446704,0.485999,17.9,19.9,20.9,21.6,22.5,0,0,0
11.6,1061,331,-13.685,194.389,-3.693,9.41958,0.42116,0.498618,13.8,17.9,19.9,20.9,21.6,0,0,0
10.9,1062,332,-13.893,192.973,-3.293,10.4341,0.392398,0.49825,11.6,13.8,17.9,19.9,20.9,0,0,0
10.2,1063,333,-17.773,191.607,-4.132,10.5818,0.435401,0.406536,10.9,11.6,13.8,17.9,19.9,0,0,0
9.5,1064,334,-19.731,190.291,-4.841,10.3966,0.498485,0.376625,10.2,10.9,11.6,13.8,17.9,0,0,0
9,1065,335,-18.488,189.026,-5.114,8.85553,0.467509,0.395406,9.5,10.2,10.9,11.6,13.8,0,0,0
8.7,1066,336,-17.972,187.813,-5.104,9.61353,0.46002,0.393685,9,9.5,10.2,10.9,11.6,0,0,0
8.6,1067,337,-14.356,186.652,-5.14,13.8302,0.552143,0.495438,8.7,9,9.5,10.2,10.9,0,0,0
8.4,1068,338,-15.165,185.546,-5.507,15.8659,0.258225,0.411641,8.6,8.7,9,9.5,10.2,0,0,0
8.2,1069,339,-17.491,184.491,-6.023,8.63874,0.336701,0.398345,8.4,8.6,8.7,9,9.5,0,0,0
8.1,1070,340,-17.125,183.492,-5.881,7.57831,0.465819,0.414807,8.2,8.4,8.6,8.7,9,0,0,0
8,1071,341,-14.976,182.547,-5.379,8.45862,0.437313,0.453453,8.1,8.2,8.4,8.6,8.7,0,0,0
8,1072,342,-15.599,181.658,-5.327,8.16208,0.36103,0.461125,8,8.1,8.2,8.4,8.6,0,0,0
7.9,1073,343,-17.598,180.823,-5.56,7.06748,0.483205,0.428907,8,8,8.1,8.2,8.4,0,0,0
7.9,1074,344,-16.164,180.045,-5.527,6.82863,0.477254,0.449752,7.9,8,8,8.1,8.2,0,0,0
7.9,1075,345,-15.677,179.323,-4.994,5.43131,0.196017,0.400216,7.9,7.9,8,8,8.1,0,0,0
7.9,1076,346,-15.391,178.657,-4.978,9.33721,0.279305,0.392341,7.9,7.9,7.9,8,8,0.2,0,0
7.8,1077,347,-11.88,178.049,-5.343,13.7859,0.287794,0.509546,7.9,7.9,7.9,7.9,8,0,0.2,0
7.7,1078,348,-16.303,177.498,-6.265,10.3784,0.241821,0.417823,7.8,7.9,7.9,7.9,7.9,0,0,0.2
7.4,1079,349,-19.934,177.005,-7.586,6.88417,0.345939,0.321811,7.7,7.8,7.9,7.9,7.9,0,0,0
7.3,1080,350,-19.049,176.57,-7.367,6.20145,0.417869,0.394558,7.4,7.7,7.8,7.9,7.9,0,0,0
7.3,1081,351,-19.374,176.193,-7.144,6.68625,0.421197,0.384208,7.3,7.4,7.7,7.8,7.9,0,0,0
7.2,1082,352,-20.186,175.874,-7.212,4.83993,0.454732,0.361927,7.3,7.3,7.4,7.7,7.8,0,0,0
7.2,1083,353,-18.223,175.614,-7.179,6.00306,0.437726,0.407641,7.2,7.3,7.3,7.4,7.7,0,0,0
7.1,1084,354,-18.916,175.413,-7.431,5.78002,0.399977,0.373297,7.2,7.2,7.3,7.3,7.4,0,0,0
7.1,1085,355,-19.675,175.27,-7.991,7.49691,0.350324,0.315566,7.1,7.2,7.2,7.3,7.3,0,0,0
6.9,1086,356,-20.284,175.187,-8.504,5.47904,0.400255,0.348594,7.1,7.1,7.2,7.2,7.3,0,0,0
6.8,1087,357,-21.675,175.162,-8.765,4.49702,0.456946,0.342559,6.9,7.1,7.1,7.2,7.2,0,0,0
6.8,1088,358,-18.948,175.197,-7.941,4.39786,0.434759,0.40281,6.8,6.9,7.1,7.1,7.2,0,0,0
6.8,1089,359,-16.097,175.291,-7.553,4.35116,0.279316,0.437592,6.8,6.8,6.9,7.1,7.1,0,0,0
6.9,1090,360,-16.922,175.444,-7.043,5.4677,0.396802,0.428102,6.8,6.8,6.8,6.9,7.1,0,0,0
6.9,1091,361,-18.026,175.656,-7.771,6.03108,0.396504,0.411629,6.9,6.8,6.8,6.8,6.9,0,0,0
6.8,1092,362,-17.915,175.928,-7.851,4.46038,0.42111,0.428411,6.9,6.9,6.8,6.8,6.8,0,0,0
6.8,1093,363,-15.944,176.258,-7.542,4.70782,0.433011,0.480306,6.8,6.9,6.9,6.8,6.8,0,0,0
6.8,1094,364,-15.717,176.647,-7.255,4.30294,0.422527,0.459906,6.8,6.8,6.9,6.9,6.8,0,0,0
6.9,1095,365,-11.123,177.094,-5.932,4.38445,0.41312,0.549592,6.8,6.8,6.8,6.9,6.9,0,0,0
6.9,1096,366,-15.293,177.601,-6.306,4.26038,0.384269,0.464752,6.9,6.8,6.8,6.8,6.9,0,0,0
